"","PMID","Title","Authors","Citation","First.Author","Journal.Book","Publication.Year","Create.Date","PMCID","NIHMS.ID","DOI"
"1",31117966,"Multilocus sequence typing analysis of Candida africana from vulvovaginal candidiasis","Zhu YX, Shi Y, Fan SR, Liu XP, Yang J, Zhong SL.","BMC Infect Dis. 2019 May 22;19(1):461. doi: 10.1186/s12879-019-4071-7.","Zhu YX","BMC Infect Dis",2019,"5/24/19","PMC6532261","","10.1186/s12879-019-4071-7"
"2",31678029,"Quantifying risks and interventions that have affected the burden of diarrhoea among children younger than 5 years: an analysis of the Global Burden of Disease Study 2017","GBD 2017 Diarrhoeal Disease Collaborators.","Lancet Infect Dis. 2020 Jan;20(1):37-59. doi: 10.1016/S1473-3099(19)30401-3. Epub 2019 Oct 31.","GBD 2017 Diarrhoeal Disease Collaborators","Lancet Infect Dis",2019,"11/4/19","PMC7340495","","10.1016/S1473-3099(19)30401-3"
"3",31096920,"Risk factors associated with gonorrhea and chlamydia transmission in selected health facilities in Ghana","Dela H, Attram N, Behene E, Kumordjie S, Addo KK, Nyarko EO, Kyei NNA, Carroll JNA, Kwakye C, Duplessis CA, Adams N, Garges E, Letizia AG.","BMC Infect Dis. 2019 May 16;19(1):425. doi: 10.1186/s12879-019-4035-y.","Dela H","BMC Infect Dis",2019,"5/18/19","PMC6524331","","10.1186/s12879-019-4035-y"
"4",31752720,"Men at risk of gonococcal urethritis: a case-control study in a Darwin sexual health clinic","Chen W, Connor S, Gunathilake M.","BMC Infect Dis. 2019 Nov 21;19(1):991. doi: 10.1186/s12879-019-4625-8.","Chen W","BMC Infect Dis",2019,"11/23/19","PMC6873514","","10.1186/s12879-019-4625-8"
"5",31856746,"How heterogeneous are MSM from Brazilian cities? An analysis of sexual behavior and perceived risk and a description of trends in awareness and willingness to use pre-exposure prophylaxis","Torres TS, Marins LMS, Veloso VG, Grinsztejn B, Luz PM.","BMC Infect Dis. 2019 Dec 19;19(1):1067. doi: 10.1186/s12879-019-4704-x.","Torres TS","BMC Infect Dis",2019,"12/21/19","PMC6923868","","10.1186/s12879-019-4704-x"
"6",31747889,"Development of a high number, high coverage dog rabies vaccination programme in Sri Lanka","Sánchez-Soriano C, Gibson AD, Gamble L, Burdon Bailey JL, Green S, Green M, Bronsvoort BMD, Handel IG, Mellanby RJ, Mazeri S.","BMC Infect Dis. 2019 Nov 20;19(1):977. doi: 10.1186/s12879-019-4585-z.","Sánchez-Soriano C","BMC Infect Dis",2019,"11/22/19","PMC6868729","","10.1186/s12879-019-4585-z"
"7",31771522,"Rotavirus symptomatic infection among unvaccinated and vaccinated children in Valencia, Spain","Pérez-Ortín R, Santiso-Bellón C, Vila-Vicent S, Carmona-Vicente N, Rodríguez-Díaz J, Buesa J.","BMC Infect Dis. 2019 Nov 27;19(1):998. doi: 10.1186/s12879-019-4550-x.","Pérez-Ortín R","BMC Infect Dis",2019,"11/28/19","PMC6880582","","10.1186/s12879-019-4550-x"
"8",31699037,"Different mechanisms of two anti-anthrax protective antigen antibodies and function comparison between them","Xiong S, Zhou T, Zheng F, Liang X, Cao Y, Wang C, Feng Z, Tang Q, Zhu J.","BMC Infect Dis. 2019 Nov 7;19(1):940. doi: 10.1186/s12879-019-4508-z.","Xiong S","BMC Infect Dis",2019,"11/9/19","PMC6836657","","10.1186/s12879-019-4508-z"
"9",30658581,"Prevalence and genotype distribution of human papillomavirus among 9945 women from the Nanhai area of Foshan","Yuan XW, Li YJ, Qiu Q, Luo ZY, Zhao XF.","BMC Infect Dis. 2019 Jan 18;19(1):71. doi: 10.1186/s12879-019-3687-y.","Yuan XW","BMC Infect Dis",2019,"1/20/19","PMC6339363","","10.1186/s12879-019-3687-y"
"10",31088387,"Prevalence of diarrhea and associated factors among under-five children in Bahir Dar city, Northwest Ethiopia, 2016: a cross-sectional study","Dagnew AB, Tewabe T, Miskir Y, Eshetu T, Kefelegn W, Zerihun K, Urgessa M, Teka T.","BMC Infect Dis. 2019 May 14;19(1):417. doi: 10.1186/s12879-019-4030-3.","Dagnew AB","BMC Infect Dis",2019,"5/16/19","PMC6518740","","10.1186/s12879-019-4030-3"
"11",31399064,"Evaluation of the trends in the incidence of infectious diseases using the syndromic surveillance system, early warning and response unit, Mongolia, from 2009 to 2017: a retrospective descriptive multi-year analytical study","Davgasuren B, Nyam S, Altangerel T, Ishdorj O, Amarjargal A, Choi JY.","BMC Infect Dis. 2019 Aug 9;19(1):705. doi: 10.1186/s12879-019-4362-z.","Davgasuren B","BMC Infect Dis",2019,"8/11/19","PMC6688219","","10.1186/s12879-019-4362-z"
"12",31051278,"Attainment of target rifampicin concentrations in cerebrospinal fluid during treatment of tuberculous meningitis","Mezochow A, Thakur KT, Zentner I, Subbian S, Kagan L, Vinnard C.","Int J Infect Dis. 2019 Jul;84:15-21. doi: 10.1016/j.ijid.2019.04.026. Epub 2019 Apr 30.","Mezochow A","Int J Infect Dis",2019,"5/4/19","PMC6666413","NIHMS1531901","10.1016/j.ijid.2019.04.026"
"13",30696400,"Program-wide review and follow-up of erythema Induratum of Bazin and tuberculosis-associated ocular inflammation management in a TB low-incidence setting: need for improved treatment candidate selection, therapy standardization, and care collaboration","Connors WJ, Fisher DA, Kunimoto DY, Jarand JM.","BMC Infect Dis. 2019 Jan 29;19(1):97. doi: 10.1186/s12879-019-3737-5.","Connors WJ","BMC Infect Dis",2019,"1/31/19","PMC6352374","","10.1186/s12879-019-3737-5"
"14",31706284,"Prevalence of Viremic hepatitis C, hepatitis B, and HIV infection, and vaccination status among prisoners in Stockholm County","Gahrton C, Westman G, Lindahl K, Öhrn F, Dalgard O, Lidman C, Nilsson LH, Said K, Duberg AS, Aleman S.","BMC Infect Dis. 2019 Nov 9;19(1):955. doi: 10.1186/s12879-019-4581-3.","Gahrton C","BMC Infect Dis",2019,"11/11/19","PMC6842501","","10.1186/s12879-019-4581-3"
"15",31174488,"Epidemiological survey of tularemia in Ilam Province, west of Iran","Esmaeili S, Ghasemi A, Naserifar R, Jalilian A, Molaeipoor L, Maurin M, Mostafavi E.","BMC Infect Dis. 2019 Jun 7;19(1):502. doi: 10.1186/s12879-019-4121-1.","Esmaeili S","BMC Infect Dis",2019,"6/9/19","PMC6556031","","10.1186/s12879-019-4121-1"
"16",30606126,"Epidemiological description of a protracted cholera outbreak in Tonj East and Tonj North counties, former Warrap State, South Sudan, May-Oct 2017","Nsubuga F, Garang SC, Tut M, Oguttu D, Lubajo R, Lodiongo D, Lasuba M, Mpairwe A.","BMC Infect Dis. 2019 Jan 3;19(1):4. doi: 10.1186/s12879-018-3640-5.","Nsubuga F","BMC Infect Dis",2019,"1/5/19","PMC6318988","","10.1186/s12879-018-3640-5"
"17",30898090,"A population-based analysis of invasive fungal disease in haematology-oncology patients using data linkage of state-wide registries and administrative databases: 2005 - 2016","Valentine JC, Morrissey CO, Tacey MA, Liew D, Patil S, Peleg AY, Ananda-Rajah MR.","BMC Infect Dis. 2019 Mar 21;19(1):274. doi: 10.1186/s12879-019-3901-y.","Valentine JC","BMC Infect Dis",2019,"3/23/19","PMC6429824","","10.1186/s12879-019-3901-y"
"18",31395014,"Diagnostic accuracy of in-house real-time PCR assay for Mycobacterium tuberculosis: a systematic review and meta-analysis","Wei Z, Zhang X, Wei C, Yao L, Li Y, Zhang X, Xu H, Jia Y, Guo R, Wu Y, Yang K, Gao X.","BMC Infect Dis. 2019 Aug 8;19(1):701. doi: 10.1186/s12879-019-4273-z.","Wei Z","BMC Infect Dis",2019,"8/10/19","PMC6686366","","10.1186/s12879-019-4273-z"
"19",31064332,"Multidrug-resistant tuberculosis outbreak associated with poor treatment adherence and delayed treatment: Arua District, Uganda, 2013-2017","Okethwangu D, Birungi D, Biribawa C, Kwesiga B, Turyahabwe S, Ario AR, Zhu BP.","BMC Infect Dis. 2019 May 7;19(1):387. doi: 10.1186/s12879-019-4014-3.","Okethwangu D","BMC Infect Dis",2019,"5/9/19","PMC6503550","","10.1186/s12879-019-4014-3"
"20",30760247,"Levels of vitamin D-associated cytokines distinguish between active and latent tuberculosis following a tuberculosis outbreak","Hong Y, Kim Y, Lee JJ, Lee MG, Lee CY, Kim Y, Heo J, Han SS, Lee SJ, Kim WJ, Hong JY.","BMC Infect Dis. 2019 Feb 13;19(1):151. doi: 10.1186/s12879-019-3798-5.","Hong Y","BMC Infect Dis",2019,"2/15/19","PMC6375131","","10.1186/s12879-019-3798-5"
"21",31455279,"Systematic review of dengue vaccine efficacy","da Silveira LTC, Tura B, Santos M.","BMC Infect Dis. 2019 Aug 28;19(1):750. doi: 10.1186/s12879-019-4369-5.","da Silveira LTC","BMC Infect Dis",2019,"8/29/19","PMC6712597","","10.1186/s12879-019-4369-5"
"22",31533658,"Rubella transmission and the risk of congenital rubella syndrome in Liberia: a need to introduce rubella-containing vaccine in the routine immunization program","Woyessa AB, Ali MS, Korkpor TK, Tuopileyi R 2nd, Kohar HT, Dogba J, Baller A, Monday J, Abdullahi S, Nagbe T, Mulbah G, Kromah M, Sesay J, Yealue K, Nyenswah T, Gebrekidan MZ.","BMC Infect Dis. 2019 Sep 18;19(1):813. doi: 10.1186/s12879-019-4464-7.","Woyessa AB","BMC Infect Dis",2019,"9/20/19","PMC6751791","","10.1186/s12879-019-4464-7"
"23",31146698,"Comparative efficacy and safety of dolutegravir relative to common core agents in treatment-naïve patients infected with HIV-1: a systematic review and network meta-analysis","Snedecor SJ, Radford M, Kratochvil D, Grove R, Punekar YS.","BMC Infect Dis. 2019 May 30;19(1):484. doi: 10.1186/s12879-019-3975-6.","Snedecor SJ","BMC Infect Dis",2019,"6/1/19","PMC6543679","","10.1186/s12879-019-3975-6"
"24",31660875,"Clinical characteristics of acute Q fever patients in South Korea and time from symptom onset to serologic diagnosis","Heo JY, Choi YW, Kim EJ, Lee SH, Lim SK, Hwang SD, Lee JY, Jeong HW.","BMC Infect Dis. 2019 Oct 28;19(1):903. doi: 10.1186/s12879-019-4479-0.","Heo JY","BMC Infect Dis",2019,"10/30/19","PMC6819606","","10.1186/s12879-019-4479-0"
"25",30717705,"Incidence and predictors of LTFU among adults with TB/HIV co-infection in two governmental hospitals, Mekelle, Ethiopia, 2009-2016: survival model approach","Gezae KE, Abebe HT, Gebretsadik LG.","BMC Infect Dis. 2019 Feb 4;19(1):107. doi: 10.1186/s12879-019-3756-2.","Gezae KE","BMC Infect Dis",2019,"2/6/19","PMC6360725","","10.1186/s12879-019-3756-2"
"26",30871489,"Decrease in Mycobacterium ulcerans disease (Buruli ulcer) in the Lalo District of Bénin (West Africa)","Anagonou EG, Johnson RC, Barogui YT, Sopoh GE, Ayelo GA, Wadagni AC, Houezo JG, Agossadou DC, Boko M.","BMC Infect Dis. 2019 Mar 12;19(1):247. doi: 10.1186/s12879-019-3845-2.","Anagonou EG","BMC Infect Dis",2019,"3/16/19","PMC6419363","","10.1186/s12879-019-3845-2"
"27",31703645,"Bacteriological profile, risk factors and antimicrobial susceptibility patterns of symptomatic urinary tract infection among students of Mekelle University, northern Ethiopia","Gebremariam G, Legese H, Woldu Y, Araya T, Hagos K, GebreyesusWasihun A.","BMC Infect Dis. 2019 Nov 8;19(1):950. doi: 10.1186/s12879-019-4610-2.","Gebremariam G","BMC Infect Dis",2019,"11/10/19","PMC6842233","","10.1186/s12879-019-4610-2"
"28",31640587,"Molecular characteristics and virulence gene profiles of Staphylococcus aureus isolates in Hainan, China","Li X, Huang T, Xu K, Li C, Li Y.","BMC Infect Dis. 2019 Oct 22;19(1):873. doi: 10.1186/s12879-019-4547-5.","Li X","BMC Infect Dis",2019,"10/24/19","PMC6805582","","10.1186/s12879-019-4547-5"
"29",31488063,"Long-term adherence to antiretroviral therapy in a South African adult patient cohort: a retrospective study","Moosa A, Gengiah TN, Lewis L, Naidoo K.","BMC Infect Dis. 2019 Sep 5;19(1):775. doi: 10.1186/s12879-019-4410-8.","Moosa A","BMC Infect Dis",2019,"9/7/19","PMC6727323","","10.1186/s12879-019-4410-8"
"30",31035947,"Prevalence of active trachoma and associated risk factors among children of the pastoralist population in Madda Walabu rural district, Southeast Ethiopia: a community-based cross-sectional study","Kassim K, Kassim J, Aman R, Abduku M, Tegegne M, Sahiledengle B.","BMC Infect Dis. 2019 Apr 29;19(1):353. doi: 10.1186/s12879-019-3992-5.","Kassim K","BMC Infect Dis",2019,"5/1/19","PMC6489250","","10.1186/s12879-019-3992-5"
"31",31492102,"The effect of recombinant human thrombopoietin (rhTPO) on sepsis patients with acute severe thrombocytopenia: a study protocol for a multicentre randomised controlled trial (RESCUE trial)","Zhou Z, Feng T, Xie Y, Huang P, Xie H, Tian R, Qian B, Wang R.","BMC Infect Dis. 2019 Sep 6;19(1):780. doi: 10.1186/s12879-019-4388-2.","Zhou Z","BMC Infect Dis",2019,"9/8/19","PMC6729060","","10.1186/s12879-019-4388-2"
"32",30611204,"Clinical characteristics of HIV-1-infected patients with high levels of plasma interferon-γ: a multicenter observational study","Watanabe D, Uehira T, Suzuki S, Matsumoto E, Ueji T, Hirota K, Minami R, Takahama S, Hayashi K, Sawamura M, Yamamoto M, Shirasaka T.","BMC Infect Dis. 2019 Jan 5;19(1):11. doi: 10.1186/s12879-018-3643-2.","Watanabe D","BMC Infect Dis",2019,"1/7/19","PMC6321664","","10.1186/s12879-018-3643-2"
"33",31046707,"Anti-Ebola therapy for patients with Ebola virus disease: a systematic review","Lee JS, Adhikari NKJ, Kwon HY, Teo K, Siemieniuk R, Lamontagne F, Chan A, Mishra S, Murthy S, Kiiza P, Hajek J, Bah EI, Lamah MC, Kao R, Fowler RA.","BMC Infect Dis. 2019 May 2;19(1):376. doi: 10.1186/s12879-019-3980-9.","Lee JS","BMC Infect Dis",2019,"5/4/19","PMC6498552","","10.1186/s12879-019-3980-9"
"34",31441764,"Cluster of Nasal Rhinosporidiosis, Eastern Province, Rwanda","Izimukwiye AI, Mbarushimana D, Ndayisaba MC, Bigirimana V, Rugwizangoga B, Laga AC.","Emerg Infect Dis. 2019 Sep;25(9):1727-1729. doi: 10.3201/eid2509.190021.","Izimukwiye AI","Emerg Infect Dis",2019,"8/24/19","PMC6711207","","10.3201/eid2509.190021"
"35",30623754,"Role of Backyard Flocks in Transmission Dynamics of Highly Pathogenic Avian Influenza A(H5N8) Clade 2.3.4.4, France, 2016-2017","Souvestre M, Guinat C, Niqueux E, Robertet L, Croville G, Paul M, Schmitz A, Bronner A, Eterradossi N, Guérin JL.","Emerg Infect Dis. 2019 Mar;25(3):551-554. doi: 10.3201/eid2503.181040. Epub 2019 Mar 17.","Souvestre M","Emerg Infect Dis",2019,"1/10/19","PMC6390754","","10.3201/eid2503.181040"
"36",31211668,"Mitochondrial Junction Region as Genotyping Marker for Cyclospora cayetanensis","Nascimento FS, Barta JR, Whale J, Hofstetter JN, Casillas S, Barratt J, Talundzic E, Arrowood MJ, Qvarnstrom Y.","Emerg Infect Dis. 2019 Jul;25(7):1314-1319. doi: 10.3201/eid2507.181447.","Nascimento FS","Emerg Infect Dis",2019,"6/19/19","PMC6590752","","10.3201/eid2507.181447"
"37",31742506,"Global Epidemiology of Buruli Ulcer, 2010-2017, and Analysis of 2014 WHO Programmatic Targets","Omansen TF, Erbowor-Becksen A, Yotsu R, van der Werf TS, Tiendrebeogo A, Grout L, Asiedu K.","Emerg Infect Dis. 2019 Dec;25(12):2183-2190. doi: 10.3201/eid2512.190427.","Omansen TF","Emerg Infect Dis",2019,"11/20/19","PMC6874257","","10.3201/eid2512.190427"
"38",31441766,"Disseminated Emergomycosis in a Person with HIV Infection, Uganda","Rooms I, Mugisha P, Gambichler T, Hadaschik E, Esser S, Rath PM, Haase G, Wilmes D, McCormick-Smith I, Rickerts V.","Emerg Infect Dis. 2019 Sep;25(9):1750-1751. doi: 10.3201/eid2509.181234.","Rooms I","Emerg Infect Dis",2019,"8/24/19","PMC6711225","","10.3201/eid2509.181234"
"39",30789142,"Reassortments among Avian Influenza A(H5N1) Viruses Circulating in Indonesia, 2015-2016","Karo-Karo D, Bodewes R, Wibawa H 1st, Artika M, Pribadi ES, Diyantoro D, Pratomo W, Sugama A, Hendrayani N, Indasari I, Wibowo MH, Muljono DH, Stegeman JA, Koch G.","Emerg Infect Dis. 2019 Mar;25(3):465-472. doi: 10.3201/eid2503.180167.","Karo-Karo D","Emerg Infect Dis",2019,"2/22/19","PMC6390736","","10.3201/eid2503.180167"
"40",30561310,"Candida auris Sternal Osteomyelitis in a Man from Kenya Visiting Australia, 2015","Heath CH, Dyer JR, Pang S, Coombs GW, Gardam DJ.","Emerg Infect Dis. 2019 Jan;25(1):192-194. doi: 10.3201/eid2501.181321.","Heath CH","Emerg Infect Dis",2019,"12/19/18","PMC6302580","","10.3201/eid2501.181321"
"41",31287050,"Susceptibility of Influenza A, B, C, and D Viruses to Baloxavir(1)","Mishin VP, Patel MC, Chesnokov A, De La Cruz J, Nguyen HT, Lollis L, Hodges E, Jang Y, Barnes J, Uyeki T, Davis CT, Wentworth DE, Gubareva LV.","Emerg Infect Dis. 2019 Oct;25(10):1969-1972. doi: 10.3201/eid2510.190607. Epub 2019 Oct 17.","Mishin VP","Emerg Infect Dis",2019,"7/10/19","PMC6759234","","10.3201/eid2510.190607"
"42",31742523,"Streptococcus suis-Associated Meningitis, Bali, Indonesia, 2014-2017","Susilawathi NM, Tarini NMA, Fatmawati NND, Mayura PIB, Suryapraba AAA, Subrata M, Sudewi AAR, Mahardika GN.","Emerg Infect Dis. 2019 Dec;25(12):2235-2242. doi: 10.3201/eid2512.181709.","Susilawathi NM","Emerg Infect Dis",2019,"11/20/19","PMC6874276","","10.3201/eid2512.181709"
"43",31538928,"Mycobacterium conceptionense Pneumonitis in Patient with HIV/AIDS(1)","Michienzi SM, Burgos RM, Novak RM.","Emerg Infect Dis. 2019 Oct;25(10):1986-1988. doi: 10.3201/eid2510.190444.","Michienzi SM","Emerg Infect Dis",2019,"9/21/19","PMC6759238","","10.3201/eid2510.190444"
"44",30882332,"Ross River Virus Antibody Prevalence, Fiji Islands, 2013-2015","Aubry M, Kama M, Vanhomwegen J, Teissier A, Mariteragi-Helle T, Hue S, Hibberd ML, Manuguerra JC, Christi K, Watson CH, Nilles EJ, Lau CL, Aaskov J, Musso D, Kucharski AJ, Cao-Lormeau VM.","Emerg Infect Dis. 2019 Apr;25(4):827-830. doi: 10.3201/eid2504.180694.","Aubry M","Emerg Infect Dis",2019,"3/19/19","PMC6433005","","10.3201/eid2504.180694"
"45",31049576,"A random survey of the prevalence of falsified and substandard antibiotics in the Lao PDR","Tabernero P, Swamidoss I, Mayxay M, Khanthavong M, Phonlavong C, Vilayhong C, Yeuchaixiong S, Sichanh C, Sengaloundeth S, Green MD, Newton PN.","J Antimicrob Chemother. 2019 Aug 1;74(8):2417-2425. doi: 10.1093/jac/dkz164.","Tabernero P","J Antimicrob Chemother",2019,"5/4/19","PMC6640311","","10.1093/jac/dkz164"
"46",31236595,"Omadacycline as a promising new agent for the treatment of infections with Mycobacterium abscessus","Bax HI, de Vogel CP, Mouton JW, de Steenwinkel JEM.","J Antimicrob Chemother. 2019 Oct 1;74(10):2930-2933. doi: 10.1093/jac/dkz267.","Bax HI","J Antimicrob Chemother",2019,"6/26/19","PMC7183808","","10.1093/jac/dkz267"
"47",31782499,"HepCare Europe: a service innovation project. HepCheck: enhancing HCV identification and linkage to care for vulnerable populations through intensified outreach screening. A prospective multisite feasibility study","Barror S, Avramovic G, Oprea C, Surey J, Story A, Macías J, Cullen W, Crowley D, Horan A, Naughton AM, Iglesias M, Ianache I, Lazar S, Popa I, McHugh T, Menezes D, Tinago W, Lambert JS.","J Antimicrob Chemother. 2019 Nov 1;74(Suppl 5):v39-v46. doi: 10.1093/jac/dkz455.","Barror S","J Antimicrob Chemother",2019,"11/30/19","PMC6883392","","10.1093/jac/dkz455"
"48",30957166,"Current Treatment Options for Acute Skin and Skin-structure Infections","Golan Y.","Clin Infect Dis. 2019 Apr 8;68(Suppl 3):S206-S212. doi: 10.1093/cid/ciz004.","Golan Y","Clin Infect Dis",2019,"4/9/19","PMC6451992","","10.1093/cid/ciz004"
"49",30883637,"Building the Framework for Standardized Clinical Laboratory Reporting of Next-generation Sequencing Data for Resistance-associated Mutations in Mycobacterium tuberculosis Complex","Tornheim JA, Starks AM, Rodwell TC, Gardy JL, Walker TM, Cirillo DM, Jayashankar L, Miotto P, Zignol M, Schito M.","Clin Infect Dis. 2019 Oct 15;69(9):1631-1633. doi: 10.1093/cid/ciz219.","Tornheim JA","Clin Infect Dis",2019,"3/19/19","PMC6792097","","10.1093/cid/ciz219"
"50",30778522,"Seroprotection at Different Levels of the Healthcare System After Routine Vaccination With Diphtheria-Tetanus-Pertussis whole cell-Hepatitis B-Haemophilus influenzae Type B in Lao People's Democratic Republic","Hefele L, Syphan S, Xayavong D, Homsana A, Kleine D, Chanthavilay P, Nouanthong P, Xaydalasouk K, Phathammavong O, Billamay S, Xeuatvongsa A, Reinharz D, Muller CP, Black AP.","Clin Infect Dis. 2019 Nov 27;69(12):2136-2144. doi: 10.1093/cid/ciz143.","Hefele L","Clin Infect Dis",2019,"2/20/19","PMC6880335","","10.1093/cid/ciz143"
"51",30188978,"Pharmacokinetics, Safety, and Efficacy of an Allometric Miltefosine Regimen for the Treatment of Visceral Leishmaniasis in Eastern African Children: An Open-label, Phase II Clinical Trial","Mbui J, Olobo J, Omollo R, Solomos A, Kip AE, Kirigi G, Sagaki P, Kimutai R, Were L, Omollo T, Egondi TW, Wasunna M, Alvar J, Dorlo TPC, Alves F.","Clin Infect Dis. 2019 Apr 24;68(9):1530-1538. doi: 10.1093/cid/ciy747.","Mbui J","Clin Infect Dis",2019,"9/7/18","PMC6481997","","10.1093/cid/ciy747"
"52",30383204,"The Importance of Heterogeneity to the Epidemiology of Tuberculosis","Trauer JM, Dodd PJ, Gomes MGM, Gomez GB, Houben RMGJ, McBryde ES, Melsew YA, Menzies NA, Arinaminpathy N, Shrestha S, Dowdy DW.","Clin Infect Dis. 2019 Jun 18;69(1):159-166. doi: 10.1093/cid/ciy938.","Trauer JM","Clin Infect Dis",2019,"11/2/18","PMC6579955","","10.1093/cid/ciy938"
"53",31598661,"Overview and Development of the Child Health and Mortality Prevention Surveillance Determination of Cause of Death (DeCoDe) Process and DeCoDe Diagnosis Standards","Blau DM, Caneer JP, Philipsborn RP, Madhi SA, Bassat Q, Varo R, Mandomando I, Igunza KA, Kotloff KL, Tapia MD, Johnstone S, Chawana R, Rahman A, El Arifeen S, Onyango D, Kaiser R, Seale AC, Assefa N, Morris T, Raghunathan PL, Breiman RF.","Clin Infect Dis. 2019 Oct 9;69(Suppl 4):S333-S341. doi: 10.1093/cid/ciz572.","Blau DM","Clin Infect Dis",2019,"10/11/19","PMC6785670","","10.1093/cid/ciz572"
"54",31598657,"Investigating the Feasibility of Child Mortality Surveillance With Postmortem Tissue Sampling: Generating Constructs and Variables to Strengthen Validity and Reliability in Qualitative Research","O'Mara Sage E, Munguambe KR, Blevins J, Guilaze R, Kosia B, Maixenchs M, Bassat Q, Mandomando I, Kaiser R, Kone A, Jambai A, Myburgh ND, Ngwenya N, Madhi SA, Degefa K, Ackley C, Breiman RF, Raghunathan PL.","Clin Infect Dis. 2019 Oct 9;69(Suppl 4):S291-S301. doi: 10.1093/cid/ciz564.","O'Mara Sage E","Clin Infect Dis",2019,"10/11/19","PMC6785679","","10.1093/cid/ciz564"
"55",31505629,"Pediatric Bacterial Meningitis Surveillance in the World Health Organization African Region Using the Invasive Bacterial Vaccine-Preventable Disease Surveillance Network, 2011-2016","Mwenda JM, Soda E, Weldegebriel G, Katsande R, Biey JN, Traore T, de Gouveia L, du Plessis M, von Gottberg A, Antonio M, Kwambana-Adams B, Worwui A, Gierke R, Schwartz S, van Beneden C, Cohen A, Serhan F, Lessa FC.","Clin Infect Dis. 2019 Sep 5;69(Suppl 2):S49-S57. doi: 10.1093/cid/ciz472.","Mwenda JM","Clin Infect Dis",2019,"9/11/19","PMC6736400","","10.1093/cid/ciz472"
"56",30689799,"Global Review of the Age Distribution of Rotavirus Disease in Children Aged <5 Years Before the Introduction of Rotavirus Vaccination","Hasso-Agopsowicz M, Ladva CN, Lopman B, Sanderson C, Cohen AL, Tate JE, Riveros X, Henao-Restrepo AM, Clark A; Global Rotavirus Surveillance Network and Rotavirus Age Study Collaborators.","Clin Infect Dis. 2019 Aug 30;69(6):1071-1078. doi: 10.1093/cid/ciz060.","Hasso-Agopsowicz M","Clin Infect Dis",2019,"1/29/19","PMC6736387","","10.1093/cid/ciz060"
"57",30863852,"Healthcare Costs and Life-years Gained From Treatments Within the Advancing Cryptococcal Meningitis Treatment for Africa (ACTA) Trial on Cryptococcal Meningitis: A Comparison of Antifungal Induction Strategies in Sub-Saharan Africa","Chen T, Mwenge L, Lakhi S, Chanda D, Mwaba P, Molloy SF, Gheorghe A, Griffiths UK, Heyderman RS, Kanyama C, Kouanfack C, Mfinanga S, Chan AK, Temfack E, Kivuyo S, Hosseinipour MC, Lortholary O, Loyse A, Jaffar S, Harrison TS, Niessen LW; ACTA Trial Team.","Clin Infect Dis. 2019 Aug 1;69(4):588-595. doi: 10.1093/cid/ciy971.","Chen T","Clin Infect Dis",2019,"3/14/19","PMC6669289","","10.1093/cid/ciy971"
"58",29961841,"Accuracy and Operational Characteristics of Xpert Human Immunodeficiency Virus Point-of-Care Testing at Birth and Until Week 6 in Human Immunodeficiency Virus-exposed Neonates in Tanzania","Sabi I, Mahiga H, Mgaya J, Geisenberger O, Kastner S, Olomi W, Saathoff E, Njovu L, Lueer C, France J, Maboko L, Ntinginya NE, Hoelscher M, Kroidl A.","Clin Infect Dis. 2019 Feb 1;68(4):615-622. doi: 10.1093/cid/ciy538.","Sabi I","Clin Infect Dis",2019,"7/3/18","PMC6355822","","10.1093/cid/ciy538"
"59",29893805,"Vancomycin Monotherapy May Be Insufficient to Treat Methicillin-resistant Staphylococcus aureus Coinfection in Children With Influenza-related Critical Illness","Randolph AG, Xu R, Novak T, Newhams MM, Bubeck Wardenburg J, Weiss SL, Sanders RC, Thomas NJ, Hall MW, Tarquinio KM, Cvijanovich N, Gedeit RG, Truemper EJ, Markovitz B, Hartman ME, Ackerman KG, Giuliano JS Jr, Shein SL, Moffitt KL; Pediatric Intensive Care Influenza Investigators from the Pediatric Acute Lung Injury and Sepsis Investigator’s Network.","Clin Infect Dis. 2019 Jan 18;68(3):365-372. doi: 10.1093/cid/ciy495.","Randolph AG","Clin Infect Dis",2019,"6/13/18","PMC6336914","","10.1093/cid/ciy495"
"60",30407513,"Safety and Immunogenicity of a Heterologous Prime-Boost Ebola Virus Vaccine Regimen in Healthy Adults in the United Kingdom and Senegal","Venkatraman N, Ndiaye BP, Bowyer G, Wade D, Sridhar S, Wright D, Powlson J, Ndiaye I, Dièye S, Thompson C, Bakhoum M, Morter R, Capone S, Del Sorbo M, Jamieson S, Rampling T, Datoo M, Roberts R, Poulton I, Griffiths O, Ballou WR, Roman F, Lewis DJM, Lawrie A, Imoukhuede E, Gilbert SC, Dieye TN, Ewer KJ, Mboup S, Hill AVS.","J Infect Dis. 2019 Apr 8;219(8):1187-1197. doi: 10.1093/infdis/jiy639.","Venkatraman N","J Infect Dis",2019,"11/9/18","PMC6452431","","10.1093/infdis/jiy639"
"61",31299077,"Assessment of Mumps Virus-Specific Antibodies: Comparison of Plaque Reduction Neutralization Test and Enzyme-Linked Immunosorbent Assay Estimates","Ravault S, Friel D, Di Paolo E, Caplanusi A, Gillard P, Povey M, Carryn S.","J Infect Dis. 2019 Sep 26;220(9):1462-1468. doi: 10.1093/infdis/jiz345.","Ravault S","J Infect Dis",2019,"7/13/19","PMC6761965","","10.1093/infdis/jiz345"
"62",31289829,"Conjugation of Different Immunogenic Enterococcal Vaccine Target Antigens Leads to Extended Strain Coverage","Romero-Saavedra F, Laverde D, Kalfopoulou E, Martini C, Torelli R, Martinez-Matamoros D, Sanguinetti M, Huebner J.","J Infect Dis. 2019 Oct 8;220(10):1589-1598. doi: 10.1093/infdis/jiz357.","Romero-Saavedra F","J Infect Dis",2019,"7/11/19","PMC6782101","","10.1093/infdis/jiz357"
"63",30911758,"A Highly Immunogenic, Protective, and Safe Adenovirus-Based Vaccine Expressing Middle East Respiratory Syndrome Coronavirus S1-CD40L Fusion Protein in a Transgenic Human Dipeptidyl Peptidase 4 Mouse Model","Hashem AM, Algaissi A, Agrawal AS, Al-Amri SS, Alhabbab RY, Sohrab SS, S Almasoud A, Alharbi NK, Peng BH, Russell M, Li X, Tseng CK.","J Infect Dis. 2019 Oct 8;220(10):1558-1567. doi: 10.1093/infdis/jiz137.","Hashem AM","J Infect Dis",2019,"3/27/19","PMC7107499","","10.1093/infdis/jiz137"
"64",30307560,"Impact of Hepatitis B Virus Coinfection on Human T-Lymphotropic Virus Type 1 Clonality in an Indigenous Population of Central Australia","Turpin J, Yurick D, Khoury G, Pham H, Locarnini S, Melamed A, Witkover A, Wilson K, Purcell D, Bangham CRM, Einsiedel L.","J Infect Dis. 2019 Jan 29;219(4):562-567. doi: 10.1093/infdis/jiy546.","Turpin J","J Infect Dis",2019,"10/12/18","PMC6350946","","10.1093/infdis/jiy546"
"65",31611272,"Toll-Like Receptor 2 (TLR2) and TLR4 Mediate the IgA Immune Response Induced by Mycoplasma hyopneumoniae","Li X, Zhang YK, Yin B, Liang JB, Jiang F, Wu WX.","Infect Immun. 2019 Dec 17;88(1):e00697-19. doi: 10.1128/IAI.00697-19. Print 2019 Dec 17.","Li X","Infect Immun",2019,"10/16/19","PMC6921651","","10.1128/IAI.00697-19"
"66",33160066,"Viral kinetics of SARS-CoV-2 over the preclinical, clinical, and postclinical period","Jang S, Rhee JY, Wi YM, Jung BK.","Int J Infect Dis. 2021 Jan;102:561-565. doi: 10.1016/j.ijid.2020.10.099. Epub 2020 Nov 5.","Jang S","Int J Infect Dis",2021,"11/7/20","PMC7642732","","10.1016/j.ijid.2020.10.099"
"67",33434668,"Epidemiology of COVID-19 in Mexico: Symptomatic profiles and presymptomatic people","Fernández-Rojas MA, Luna-Ruiz Esparza MA, Campos-Romero A, Calva-Espinosa DY, Moreno-Camacho JL, Langle-Martínez AP, García-Gil A, Solís-González CJ, Canizalez-Román A, León-Sicairos N, Alcántar-Fernández J.","Int J Infect Dis. 2021 Mar;104:572-579. doi: 10.1016/j.ijid.2020.12.086. Epub 2021 Jan 9.","Fernández-Rojas MA","Int J Infect Dis",2021,"1/12/21","PMC7831729","","10.1016/j.ijid.2020.12.086"
"68",33333250,"A high-throughput drug screening strategy against coronaviruses","Liu J, Li K, Cheng L, Shao J, Yang S, Zhang W, Zhou G, de Vries AAF, Yu Z.","Int J Infect Dis. 2021 Feb;103:300-304. doi: 10.1016/j.ijid.2020.12.033. Epub 2020 Dec 14.","Liu J","Int J Infect Dis",2021,"12/17/20","PMC7832824","","10.1016/j.ijid.2020.12.033"
"69",34320413,"Safety and Reactogenicity of the ChAdOx1 (AZD1222) COVID-19 Vaccine in Saudi Arabia","Al Bahrani S, Albarrak A, Alghamdi OA, Alghamdi MA, Hakami FH, Al Abaadi AK, Alkhrashi SA, Alghamdi MY, Almershad MM, Alenazi MM, El Gezery MH, Jebakumar AZ, Al-Tawfiq JA.","Int J Infect Dis. 2021 Sep;110:359-362. doi: 10.1016/j.ijid.2021.07.052. Epub 2021 Jul 25.","Al Bahrani S","Int J Infect Dis",2021,"7/28/21","PMC8310569","","10.1016/j.ijid.2021.07.052"
"70",33647516,"The high prevalence of asymptomatic SARS-CoV-2 infection reveals the silent spread of COVID-19","Almadhi MA, Abdulrahman A, Sharaf SA, AlSaad D, Stevenson NJ, Atkin SL, AlQahtani MM.","Int J Infect Dis. 2021 Apr;105:656-661. doi: 10.1016/j.ijid.2021.02.100. Epub 2021 Feb 26.","Almadhi MA","Int J Infect Dis",2021,"3/1/21","PMC7908846","","10.1016/j.ijid.2021.02.100"
"71",33189939,"Early transmission of SARS-CoV-2 in South Africa: An epidemiological and phylogenetic report","Giandhari J, Pillay S, Wilkinson E, Tegally H, Sinayskiy I, Schuld M, Lourenço J, Chimukangara B, Lessells R, Moosa Y, Gazy I, Fish M, Singh L, Sedwell Khanyile K, Fonseca V, Giovanetti M, Carlos Junior Alcantara L, Petruccione F, de Oliveira T.","Int J Infect Dis. 2021 Feb;103:234-241. doi: 10.1016/j.ijid.2020.11.128. Epub 2020 Nov 12.","Giandhari J","Int J Infect Dis",2021,"11/15/20","PMC7658561","","10.1016/j.ijid.2020.11.128"
"72",34375760,"Statins reduce mortality in patients with COVID-19: an updated meta-analysis of 147 824 patients","Diaz-Arocutipa C, Melgar-Talavera B, Alvarado-Yarasca Á, Saravia-Bartra MM, Cazorla P, Belzusarri I, Hernandez AV.","Int J Infect Dis. 2021 Sep;110:374-381. doi: 10.1016/j.ijid.2021.08.004. Epub 2021 Aug 8.","Diaz-Arocutipa C","Int J Infect Dis",2021,"8/10/21","PMC8349445","","10.1016/j.ijid.2021.08.004"
"73",34015523,"Real-world clinical performance of commercial SARS-CoV-2 rapid antigen tests in suspected COVID-19: A systematic meta-analysis of available data as of November 20, 2020","Hayer J, Kasapic D, Zemmrich C.","Int J Infect Dis. 2021 Jul;108:592-602. doi: 10.1016/j.ijid.2021.05.029. Epub 2021 May 17.","Hayer J","Int J Infect Dis",2021,"5/20/21","PMC8127520","","10.1016/j.ijid.2021.05.029"
"74",34242766,"Risk of COVID-19 morbidity and mortality among healthcare workers working in a Large Tertiary Care Hospital","Alshamrani MM, El-Saed A, Al Zunitan M, Almulhem R, Almohrij S.","Int J Infect Dis. 2021 Aug;109:238-243. doi: 10.1016/j.ijid.2021.07.009. Epub 2021 Jul 7.","Alshamrani MM","Int J Infect Dis",2021,"7/9/21","PMC8260475","","10.1016/j.ijid.2021.07.009"
"75",33115683,"The role of case importation in explaining differences in early SARS-CoV-2 transmission dynamics in Canada-A mathematical modeling study of surveillance data","Godin A, Xia Y, Buckeridge DL, Mishra S, Douwes-Schultz D, Shen Y, Lavigne M, Drolet M, Schmidt AM, Brisson M, Maheu-Giroux M.","Int J Infect Dis. 2021 Jan;102:254-259. doi: 10.1016/j.ijid.2020.10.046. Epub 2020 Oct 25.","Godin A","Int J Infect Dis",2021,"10/29/20","PMC7585716","","10.1016/j.ijid.2020.10.046"
"76",33878460,"Comparative analysis of antigen and molecular tests for the detection of Sars-CoV-2 and related variants: A study on 4266 samples","Caputo V, Bax C, Colantoni L, Peconi C, Termine A, Fabrizio C, Calvino G, Luzzi L, Panunzi GG, Fusco C, Strafella C, Cascella R, Battistini L, Caltagirone C, Salvia A, Sancesario G, Giardina E.","Int J Infect Dis. 2021 Jul;108:187-189. doi: 10.1016/j.ijid.2021.04.048. Epub 2021 Apr 18.","Caputo V","Int J Infect Dis",2021,"4/20/21","PMC8053214","","10.1016/j.ijid.2021.04.048"
"77",33115679,"Co-infection of SARS-CoV-2 with other respiratory viruses and performance of lower respiratory tract samples for the diagnosis of COVID-19","Burrel S, Hausfater P, Dres M, Pourcher V, Luyt CE, Teyssou E, Soulié C, Calvez V, Marcelin AG, Boutolleau D.","Int J Infect Dis. 2021 Jan;102:10-13. doi: 10.1016/j.ijid.2020.10.040. Epub 2020 Oct 25.","Burrel S","Int J Infect Dis",2021,"10/29/20","PMC7585729","","10.1016/j.ijid.2020.10.040"
"78",33578016,"Preliminary findings of COVID-19 infection in health workers in Somalia: A reason for concern","Abdi A, Ahmed AY, Abdulmunim M, Karanja MJ, Solomon A, Muhammad F, Kumlachew M, Obtel M, Malik SMMR.","Int J Infect Dis. 2021 Mar;104:734-736. doi: 10.1016/j.ijid.2021.01.066. Epub 2021 Feb 10.","Abdi A","Int J Infect Dis",2021,"2/12/21","PMC7872860","","10.1016/j.ijid.2021.01.066"
"79",34649001,"Protective Immunity after Natural Infection with Severe Acute Respiratory Syndrome Coronavirus-2 (SARS-CoV-2) - Kentucky, USA, 2020","Spicer KB, Glick C, Cavanaugh AM, Thoroughman D.","Int J Infect Dis. 2022 Jan;114:21-28. doi: 10.1016/j.ijid.2021.10.010. Epub 2021 Oct 12.","Spicer KB","Int J Infect Dis",2021,"10/14/21","PMC8506664","","10.1016/j.ijid.2021.10.010"
"80",34022333,"A simplified alternative diagnostic algorithm for SARS-CoV-2 suspected symptomatic patients and confirmed close contacts (asymptomatic): A consensus of Latin American experts","Fay FF, Alvarez-Moreno CA, Bonvehi PE, Espinoza CC, Hidalgo MLH, Marcano-Lozada M, Perez CM, Pulchinelli A Jr, Sáenz-Flor KV, Condino-Neto A.","Int J Infect Dis. 2022 Apr;117:130-136. doi: 10.1016/j.ijid.2021.05.011. Epub 2021 May 20.","Fay FF","Int J Infect Dis",2021,"5/22/21","PMC8133827","","10.1016/j.ijid.2021.05.011"
"81",34171233,"Immunogenicity of alternative ten-valent pneumococcal conjugate vaccine schedules in infants in Ho Chi Minh City, Vietnam: results from a single-blind, parallel-group, open-label, randomised, controlled trial","Licciardi PV, Temple B, Dai VTT, Toan NT, Uyen D, Nguyen CD, Phan TV, Bright K, Marimla RA, Balloch A, Huu TN, Mulholland K.","Lancet Infect Dis. 2021 Oct;21(10):1415-1428. doi: 10.1016/S1473-3099(20)30775-1. Epub 2021 Jun 23.","Licciardi PV","Lancet Infect Dis",2021,"6/25/21","PMC8461081","","10.1016/S1473-3099(20)30775-1"
"82",33444754,"COVID-19 and healthcare workers: A systematic review and meta-analysis","Gholami M, Fawad I, Shadan S, Rowaiee R, Ghanem H, Hassan Khamis A, Ho SB.","Int J Infect Dis. 2021 Mar;104:335-346. doi: 10.1016/j.ijid.2021.01.013. Epub 2021 Jan 11.","Gholami M","Int J Infect Dis",2021,"1/14/21","PMC7798435","","10.1016/j.ijid.2021.01.013"
"83",32971006,"Indirect effects of the COVID-19 pandemic on malaria intervention coverage, morbidity, and mortality in Africa: a geospatial modelling analysis","Weiss DJ, Bertozzi-Villa A, Rumisha SF, Amratia P, Arambepola R, Battle KE, Cameron E, Chestnutt E, Gibson HS, Harris J, Keddie S, Millar JJ, Rozier J, Symons TL, Vargas-Ruiz C, Hay SI, Smith DL, Alonso PL, Noor AM, Bhatt S, Gething PW.","Lancet Infect Dis. 2021 Jan;21(1):59-69. doi: 10.1016/S1473-3099(20)30700-3. Epub 2020 Sep 21.","Weiss DJ","Lancet Infect Dis",2021,"9/24/20","PMC7505634","","10.1016/S1473-3099(20)30700-3"
"84",34715032,"Safety, pharmacokinetics, and antimalarial activity of the novel plasmodium eukaryotic translation elongation factor 2 inhibitor M5717: a first-in-human, randomised, placebo-controlled, double-blind, single ascending dose study and volunteer infection study","McCarthy JS, Yalkinoglu Ö, Odedra A, Webster R, Oeuvray C, Tappert A, Bezuidenhout D, Giddins MJ, Dhingra SK, Fidock DA, Marquart L, Webb L, Yin X, Khandelwal A, Bagchus WM.","Lancet Infect Dis. 2021 Dec;21(12):1713-1724. doi: 10.1016/S1473-3099(21)00252-8. Epub 2021 Oct 26.","McCarthy JS","Lancet Infect Dis",2021,"10/29/21","PMC8612936","","10.1016/S1473-3099(21)00252-8"
"85",34838782,"Immunogenicity trends 1 and 3 months after second BNT162B2 vaccination among healthcare workers in Israel","Shachor-Meyouhas Y, Hussein K, Dabaja-Younis H, Szwarcwort-Cohen M, Almog R, Weissman A, Mekel M, Hyams G, Horowitz NA, Gepstein V, Netzer I, Saban HC, Petersiel N, Tarabeia J, Halberthal M.","Clin Microbiol Infect. 2022 Mar;28(3):450.e1-450.e4. doi: 10.1016/j.cmi.2021.11.014. Epub 2021 Nov 24.","Shachor-Meyouhas Y","Clin Microbiol Infect",2021,"11/28/21","PMC8611821","","10.1016/j.cmi.2021.11.014"
"86",33007478,"Low-to-moderate dose corticosteroids treatment in hospitalized adults with COVID-19","Liu Z, Li X, Fan G, Zhou F, Wang Y, Huang L, Yu J, Yang L, Shang L, Xie K, Xu J, Huang Z, Gu X, Li H, Zhang Y, Wang Y, Huang Z, Cao B.","Clin Microbiol Infect. 2021 Jan;27(1):112-117. doi: 10.1016/j.cmi.2020.09.045. Epub 2020 Sep 29.","Liu Z","Clin Microbiol Infect",2021,"10/2/20","PMC7524527","","10.1016/j.cmi.2020.09.045"
"87",33677083,"Seroprevalence of SARS-CoV-2 in blood donors from the Lodi Red Zone and adjacent Lodi metropolitan and suburban area","Cassaniti I, Percivalle E, Sarasini A, Cambiè G, Vecchio Nepita E, Maserati R, Ferrari A, Corcione A, Di Martino R, Bonetti A, Di Napoli A, Ferrari G, Baldanti F.","Clin Microbiol Infect. 2021 Jun;27(6):914.e1-914.e4. doi: 10.1016/j.cmi.2021.01.030. Epub 2021 Mar 4.","Cassaniti I","Clin Microbiol Infect",2021,"3/7/21","PMC7930727","","10.1016/j.cmi.2021.01.030"
"88",33524589,"A global analysis of replacement of genetic variants of SARS-CoV-2 in association with containment capacity and changes in disease severity","Chen Z, Chong KC, Wong MCS, Boon SS, Huang J, Wang MH, Ng RWY, Lai CKC, Chan PKS.","Clin Microbiol Infect. 2021 Jan 30;27(5):750-7. doi: 10.1016/j.cmi.2021.01.018. Online ahead of print.","Chen Z","Clin Microbiol Infect",2021,"2/1/21","PMC7846470","","10.1016/j.cmi.2021.01.018"
"89",34843962,"Predictors and microbiology of respiratory and bloodstream bacterial infection in patients with COVID-19: living rapid review update and meta-regression","Langford BJ, So M, Leung V, Raybardhan S, Lo J, Kan T, Leung F, Westwood D, Daneman N, MacFadden DR, Soucy JR.","Clin Microbiol Infect. 2022 Apr;28(4):491-501. doi: 10.1016/j.cmi.2021.11.008. Epub 2021 Nov 26.","Langford BJ","Clin Microbiol Infect",2021,"11/29/21","PMC8619885","","10.1016/j.cmi.2021.11.008"
"90",33647441,"Serious bradycardia and remdesivir for coronavirus 2019 (COVID-19): a new safety concerns","Touafchia A, Bagheri H, Carrié D, Durrieu G, Sommet A, Chouchana L, Montastruc F.","Clin Microbiol Infect. 2021 Feb 27;27(5):791.e5-8. doi: 10.1016/j.cmi.2021.02.013. Online ahead of print.","Touafchia A","Clin Microbiol Infect",2021,"3/1/21","PMC7910147","","10.1016/j.cmi.2021.02.013"
"91",34139334,"Longevity of seropositivity and neutralizing antibodies in recovered MERS patients: a 5-year follow-up study","Cheon S, Park U, Park H, Kim Y, Nguyen YTH, Aigerim A, Rhee JY, Choi JP, Park WB, Park SW, Kim Y, Lim DG, Yang JS, Lee JY, Kim YS, Cho NH.","Clin Microbiol Infect. 2022 Feb;28(2):292-296. doi: 10.1016/j.cmi.2021.06.009. Epub 2021 Jun 14.","Cheon S","Clin Microbiol Infect",2021,"6/17/21","PMC8200326","","10.1016/j.cmi.2021.06.009"
"92",33957883,"Rotavirus gastroenteritis in Pakistan, 2018: updated disease burden","Basharat N, Sadiq A, Dawood M, Ali S, Khan A, Ullah R, Khan H, Aziz A, Ali H, Shah AA, Ali I, Khan J.","BMC Infect Dis. 2021 May 6;21(1):426. doi: 10.1186/s12879-021-06123-6.","Basharat N","BMC Infect Dis",2021,"5/7/21","PMC8103586","","10.1186/s12879-021-06123-6"
"93",34544380,"Use of intravenous N-acetylcysteine in acute severe hepatitis due to severe dengue infection: a case series","Dissanayake DMDIB, Gunaratne WMSN, Kumarihamy KWMPP, Kularatne SAM, Kumarasiri PVR.","BMC Infect Dis. 2021 Sep 20;21(1):978. doi: 10.1186/s12879-021-06681-9.","Dissanayake DMDIB","BMC Infect Dis",2021,"9/21/21","PMC8454086","","10.1186/s12879-021-06681-9"
"94",34039293,"Association of serum antibodies against the Mycobacterium avium complex and hemoptysis: a cross-sectional study","Ogata H, Moriwaki A, Nakagawa T, Sakoda S, Ishimatsu A, Taguchi K, Aso H, Nogami H, Kadowaki M, Tateshi Y, Yoshida M.","BMC Infect Dis. 2021 May 26;21(1):480. doi: 10.1186/s12879-021-06182-9.","Ogata H","BMC Infect Dis",2021,"5/27/21","PMC8157429","","10.1186/s12879-021-06182-9"
"95",34112091,"Risk factors for measles outbreak in Ataq and Habban districts, Shabwah governorate, Yemen, February to May 2018","Nassar AAH, Al Amad MA, Qasim M, Dureab F.","BMC Infect Dis. 2021 Jun 10;21(1):551. doi: 10.1186/s12879-021-06207-3.","Nassar AAH","BMC Infect Dis",2021,"6/11/21","PMC8193880","","10.1186/s12879-021-06207-3"
"96",33509097,"Analysis of virulence factors and antibiotic resistance genes in group B streptococcus from clinical samples","Mudzana R, Mavenyengwa RT, Gudza-Mugabe M.","BMC Infect Dis. 2021 Jan 28;21(1):125. doi: 10.1186/s12879-021-05820-6.","Mudzana R","BMC Infect Dis",2021,"1/29/21","PMC7844887","","10.1186/s12879-021-05820-6"
"97",33441090,"Identifying risks for severity of neurological symptoms in Hungarian West Nile virus patients","Koch M, Pozsgai É, Soós V, Nagy A, Girán J, Nyisztor N, Martyin T, Müller Z, Fehér M, Hajdú E, Varga C.","BMC Infect Dis. 2021 Jan 13;21(1):65. doi: 10.1186/s12879-020-05760-7.","Koch M","BMC Infect Dis",2021,"1/14/21","PMC7805165","","10.1186/s12879-020-05760-7"
"98",34215212,"Comparative cytokine profiling identifies common and unique serum cytokine responses in acute chikungunya and dengue virus infection","Dhenni R, Yohan B, Alisjahbana B, Lucanus A, Riswari SF, Megawati D, Haryanto S, Gampamole D, Hayati RF, Sari K, Witari NPD, Myint KSA, Sasmono RT.","BMC Infect Dis. 2021 Jul 2;21(1):639. doi: 10.1186/s12879-021-06339-6.","Dhenni R","BMC Infect Dis",2021,"7/3/21","PMC8254284","","10.1186/s12879-021-06339-6"
"99",34702217,"Serum procalcitonin levels associate with Clostridioides difficile infection in patients with inflammatory bowel disease","Abdehagh M, Azimirad M, Houri H, Nadalian B, Azimirad F, Olfatifar M, Nasir Shoeibi OK, Yadegar A, Shahrokh S, Mahdavi Roshan M, Asadzadeh Aghdaei H, Zali MR.","BMC Infect Dis. 2021 Oct 26;21(1):1103. doi: 10.1186/s12879-021-06804-2.","Abdehagh M","BMC Infect Dis",2021,"10/27/21","PMC8549175","","10.1186/s12879-021-06804-2"
"100",34372767,"Clinical characteristics and a decision tree model to predict death outcome in severe COVID-19 patients","Yang Q, Li J, Zhang Z, Wu X, Liao T, Yu S, You Z, Hou X, Ye J, Liu G, Ma S, Xie G, Zhou Y, Li M, Wu M, Feng Y, Wang W, Li L, Xie D, Hu Y, Liu X, Wang B, Zhao S, Li L, Luo C, Tang T, Wu H, Hu T, Yang G, Luo B, Li L, Yang X, Li Q, Xu Z, Wu H, Sun J.","BMC Infect Dis. 2021 Aug 9;21(1):783. doi: 10.1186/s12879-021-06478-w.","Yang Q","BMC Infect Dis",2021,"8/10/21","PMC8351764","","10.1186/s12879-021-06478-w"
"101",34775956,"Antibiotics prescription for targeted therapy of pediatric invasive pneumococcal diseases in China: a multicenter retrospective study","Chen TM, Li WH, Wang F, Tan K, Zhu QX, Zhou K, Liu SH, Liu J, Bi J, Deng HL, Chen XX, Li J, Wang YM, Zhao Q, Zhu L, Ma HX, Li Z, Deng JK, Zhu CH, Wu KK, Lin AW, Li SJ, Wang DM, Cai HJ, Zhao SY, Lu XD, Ye L, Dong F, Zhang WS, Yang YH, Liu G.","BMC Infect Dis. 2021 Nov 15;21(1):1156. doi: 10.1186/s12879-021-06860-8.","Chen TM","BMC Infect Dis",2021,"11/15/21","PMC8591947","","10.1186/s12879-021-06860-8"
"102",33845766,"Informing the public health response to COVID-19: a systematic review of risk factors for disease, severity, and mortality","Flook M, Jackson C, Vasileiou E, Simpson CR, Muckian MD, Agrawal U, McCowan C, Jia Y, Murray JLK, Ritchie LD, Robertson C, Stock SJ, Wang X, Woolhouse MEJ, Sheikh A, Stagg HR.","BMC Infect Dis. 2021 Apr 12;21(1):342. doi: 10.1186/s12879-021-05992-1.","Flook M","BMC Infect Dis",2021,"4/13/21","PMC8040367","","10.1186/s12879-021-05992-1"
"103",33639846,"The clinical profiles and outcomes of HIV-negative cryptococcal meningitis patients in type II diabetes mellitus","Li H, Li X, Zhang L, Fang W, Zhang K, Arastehfar A, Ilkit M, Hu D, Chen X, Wang H, Ling L, Lin J, Xu B, Liao W, Pan W, Zhang Q.","BMC Infect Dis. 2021 Feb 27;21(1):224. doi: 10.1186/s12879-021-05867-5.","Li H","BMC Infect Dis",2021,"2/28/21","PMC7913410","","10.1186/s12879-021-05867-5"
"104",34118865,"Isolation and characterization of Listeria monocytogenes among women attending Jimma University medical center, Southwest Ethiopia","Girma L, Geteneh A, Amenu D, Kassa T.","BMC Infect Dis. 2021 Jun 12;21(1):564. doi: 10.1186/s12879-021-06254-w.","Girma L","BMC Infect Dis",2021,"6/13/21","PMC8199527","","10.1186/s12879-021-06254-w"
"105",33845781,"Predictors of willingness to get a COVID-19 vaccine in the U.S","Kelly BJ, Southwell BG, McCormack LA, Bann CM, MacDonald PDM, Frasier AM, Bevc CA, Brewer NT, Squiers LB.","BMC Infect Dis. 2021 Apr 12;21(1):338. doi: 10.1186/s12879-021-06023-9.","Kelly BJ","BMC Infect Dis",2021,"4/13/21","PMC8039496","","10.1186/s12879-021-06023-9"
"106",34876036,"Identification of bio-climatic determinants and potential risk areas for Kyasanur forest disease in Southern India using MaxEnt modelling approach","Pramanik M, Singh P, Dhiman RC.","BMC Infect Dis. 2021 Dec 7;21(1):1226. doi: 10.1186/s12879-021-06908-9.","Pramanik M","BMC Infect Dis",2021,"12/8/21","PMC8650402","","10.1186/s12879-021-06908-9"
"107",34030658,"Development of a bedside score to predict dengue severity","Marois I, Forfait C, Inizan C, Klement-Frutos E, Valiame A, Aubert D, Gourinat AC, Laumond S, Barsac E, Grangeon JP, Cazorla C, Merlet A, Tarantola A, Dupont-Rouzeyrol M, Descloux E.","BMC Infect Dis. 2021 May 24;21(1):470. doi: 10.1186/s12879-021-06146-z.","Marois I","BMC Infect Dis",2021,"5/25/21","PMC8142072","","10.1186/s12879-021-06146-z"
"108",34418997,"Identification of significant alteration genes, pathways and TFs induced by LPS in ARDS via bioinformatical analysis","Lu W, Ji R.","BMC Infect Dis. 2021 Aug 21;21(1):852. doi: 10.1186/s12879-021-06578-7.","Lu W","BMC Infect Dis",2021,"8/22/21","PMC8379573","","10.1186/s12879-021-06578-7"
"109",33596842,"Comparing mortality between positive and negative blood culture results: an inverse probability of treatment weighting analysis of a multicenter cohort","Liu A, Yo CH, Nie L, Yu H, Wu K, Tong HS, Hsu TC, Hsu WT, Lee CC.","BMC Infect Dis. 2021 Feb 17;21(1):182. doi: 10.1186/s12879-021-05862-w.","Liu A","BMC Infect Dis",2021,"2/18/21","PMC7887786","","10.1186/s12879-021-05862-w"
"110",34592961,"The prevalence of human immunodeficiency and of hepatitis B viral infections is not increased in patients with sickle cell disease in Tanzania","Shayo G, Makundi I, Luzzatto L.","BMC Infect Dis. 2021 Sep 30;21(1):1028. doi: 10.1186/s12879-021-06726-z.","Shayo G","BMC Infect Dis",2021,"10/1/21","PMC8485526","","10.1186/s12879-021-06726-z"
"111",34243704,"Knowledge, perceptions and effects of Ebola virus disease outbreak on the pig value chain in the agro-pastoralist district of Luwero, Central Uganda","Birungi D, Tumwine G, Kato CD, Ssekamatte T, Ocaido M, Majalija S.","BMC Infect Dis. 2021 Jul 9;21(1):669. doi: 10.1186/s12879-021-06337-8.","Birungi D","BMC Infect Dis",2021,"7/10/21","PMC8268591","","10.1186/s12879-021-06337-8"
"112",34412615,"A highly effective and inexpensive standardized treatment of multidrug-resistant tuberculosis: a multicenter prospective study in China","Sun W, Wu Z, Zhou Y, Xia F, Tang Q, Wang J, Yang J, Yu F, Yang H, Xiao H, Fan L.","BMC Infect Dis. 2021 Aug 19;21(1):834. doi: 10.1186/s12879-021-06553-2.","Sun W","BMC Infect Dis",2021,"8/20/21","PMC8374408","","10.1186/s12879-021-06553-2"
"113",34872511,"Safety and efficacy of hydroxychloroquine for treatment of non-severe COVID-19 among adults in Uganda: a randomized open label phase II clinical trial","Byakika-Kibwika P, Sekaggya-Wiltshire C, Semakula JR, Nakibuuka J, Musaazi J, Kayima J, Sendagire C, Meya D, Kirenga B, Nanzigu S, Kwizera A, Nakwagala F, Kisuule I, Wayengera M, Mwebesa HG, Kamya MR, Bazeyo W.","BMC Infect Dis. 2021 Dec 6;21(1):1218. doi: 10.1186/s12879-021-06897-9.","Byakika-Kibwika P","BMC Infect Dis",2021,"12/7/21","PMC8647506","","10.1186/s12879-021-06897-9"
"114",34911501,"Trends and predictive factors for treatment failure following artemisinin-based combination therapy among children with uncomplicated malaria in Ghana: 2005-2018","Abuaku B, Duah-Quashie NO, Quashie N, Gyasi A, Afriyie PO, Owusu-Antwi F, Ghansah A, Malm KL, Bart-Plange C, Koram KA.","BMC Infect Dis. 2021 Dec 15;21(1):1255. doi: 10.1186/s12879-021-06961-4.","Abuaku B","BMC Infect Dis",2021,"12/16/21","PMC8672499","","10.1186/s12879-021-06961-4"
"115",34724919,"Prevalence of anti-Leptospira antibodies and associated risk factors in the Malaysian refugee communities","Mohd Hanapi IR, Sahimin N, Maackara MJB, Annisa AS, Abdul Mutalib RNS, Lewis JW, Behnke JM, Lau YL, Mohd Zain SN.","BMC Infect Dis. 2021 Nov 1;21(1):1128. doi: 10.1186/s12879-021-06830-0.","Mohd Hanapi IR","BMC Infect Dis",2021,"11/2/21","PMC8561983","","10.1186/s12879-021-06830-0"
"116",34225651,"Management of enterococcal central line-associated bloodstream infections in patients with cancer","Awadh H, Chaftari AM, Khalil M, Fares J, Jiang Y, Deeba R, Ali S, Hachem R, Raad II.","BMC Infect Dis. 2021 Jul 5;21(1):643. doi: 10.1186/s12879-021-06328-9.","Awadh H","BMC Infect Dis",2021,"7/6/21","PMC8256598","","10.1186/s12879-021-06328-9"
"117",33962578,"Prevalence of cystic echinococcosis in slaughtered livestock in Iran: a systematic review and meta-analysis","Vaisi-Raygani A, Mohammadi M, Jalali R, Salari N, Hosseinian-Far M.","BMC Infect Dis. 2021 May 7;21(1):429. doi: 10.1186/s12879-021-06127-2.","Vaisi-Raygani A","BMC Infect Dis",2021,"5/8/21","PMC8103583","","10.1186/s12879-021-06127-2"
"118",33602147,"Endemic chikungunya fever in Kenyan children: a prospective cohort study","Nyamwaya DK, Otiende M, Omuoyo DO, Githinji G, Karanja HK, Gitonga JN, R de Laurent Z, Otieno JR, Sang R, Kamau E, Cheruiyot S, Otieno E, Agoti CN, Bejon P, Thumbi SM, Warimwe GM.","BMC Infect Dis. 2021 Feb 18;21(1):186. doi: 10.1186/s12879-021-05875-5.","Nyamwaya DK","BMC Infect Dis",2021,"2/19/21","PMC7889702","","10.1186/s12879-021-05875-5"
"119",33579200,"How aware are swingers about their swing sex partners' risk behaviours, and sexually transmitted infection status?","Niekamp AM, Spauwen LWL, Dukers-Muijrers NHTM, Hoebe CJPA.","BMC Infect Dis. 2021 Feb 12;21(1):172. doi: 10.1186/s12879-021-05813-5.","Niekamp AM","BMC Infect Dis",2021,"2/13/21","PMC7881639","","10.1186/s12879-021-05813-5"
"120",33413174,"Performance of case definitions and clinical predictors for influenza surveillance among patients followed in a rural cohort in Senegal","Barry MA, Arinal F, Talla C, Hedible BG, Sarr FD, Ba IO, Diop B, Dia N, Vray M.","BMC Infect Dis. 2021 Jan 7;21(1):31. doi: 10.1186/s12879-020-05724-x.","Barry MA","BMC Infect Dis",2021,"1/8/21","PMC7790019","","10.1186/s12879-020-05724-x"
"121",34688249,"The incidence and mortality of yellow fever in Africa: a systematic review and meta-analysis","Nwaiwu AU, Musekiwa A, Tamuzi JL, Sambala EZ, Nyasulu PS.","BMC Infect Dis. 2021 Oct 23;21(1):1089. doi: 10.1186/s12879-021-06728-x.","Nwaiwu AU","BMC Infect Dis",2021,"10/24/21","PMC8536483","","10.1186/s12879-021-06728-x"
"122",33902480,"Epidemiology, clinical characteristics, and treatment outcomes of patients with COVID-19 at Thailand's university-based referral hospital","Sirijatuphat R, Suputtamongkol Y, Angkasekwinai N, Horthongkham N, Chayakulkeeree M, Rattanaumpawan P, Koomanachai P, Assanasen S, Rongrungruang Y, Chierakul N, Ratanarat R, Jitmuang A, Wangchinda W, Kantakamalakul W.","BMC Infect Dis. 2021 Apr 26;21(1):382. doi: 10.1186/s12879-021-06081-z.","Sirijatuphat R","BMC Infect Dis",2021,"4/27/21","PMC8072093","","10.1186/s12879-021-06081-z"
"123",33535989,"Clinical characteristics of hospitalized mild/moderate COVID-19 patients with a prolonged negative conversion time of SARS-CoV-2 nucleic acid detection","Yang Y, Hu X, Xiong L, Fu P, Feng W, Li W, Zhang L, Sun F.","BMC Infect Dis. 2021 Feb 3;21(1):141. doi: 10.1186/s12879-021-05851-z.","Yang Y","BMC Infect Dis",2021,"2/4/21","PMC7856599","","10.1186/s12879-021-05851-z"
"124",33632148,"Adenovirus viremia may predict adenovirus pneumonia severity in immunocompetent children","Zhang R, Wang H, Tian S, Deng J.","BMC Infect Dis. 2021 Feb 25;21(1):213. doi: 10.1186/s12879-021-05903-4.","Zhang R","BMC Infect Dis",2021,"2/26/21","PMC7905761","","10.1186/s12879-021-05903-4"
"125",33992073,"Dynamics of anti-SARS-CoV-2 IgG antibodies post-COVID-19 in a Brazilian Amazon population","Bichara CDA, da Silva Graça Amoras E, Vaz GL, da Silva Torres MK, Queiroz MAF, do Amaral IPC, Vallinoto IMVC, Bichara CNC, Vallinoto ACR.","BMC Infect Dis. 2021 May 15;21(1):443. doi: 10.1186/s12879-021-06156-x.","Bichara CDA","BMC Infect Dis",2021,"5/16/21","PMC8122196","","10.1186/s12879-021-06156-x"
"126",34016043,"SARS-CoV-2 PCR-positive and PCR-negative cases of pneumonia admitted to the hospital during the peak of COVID-19 pandemic: analysis of in-hospital and post-hospital mortality","Gaipov A, Gusmanov A, Abbay A, Sakko Y, Issanov A, Kadyrzhanuly K, Yermakhanova Z, Aliyeva L, Kashkynbayev A, Moldaliyev I, Crape B, Sarria-Santamera A.","BMC Infect Dis. 2021 May 20;21(1):458. doi: 10.1186/s12879-021-06154-z.","Gaipov A","BMC Infect Dis",2021,"5/21/21","PMC8134816","","10.1186/s12879-021-06154-z"
"127",33750329,"Clinical outcomes and healthcare costs of inpatients with tetanus in Korea, 2011-2019","Bae S, Go M, Kim Y, Hwang S, Kim SW, Kwon KT, Jung SI, Chang HH.","BMC Infect Dis. 2021 Mar 9;21(1):247. doi: 10.1186/s12879-021-05935-w.","Bae S","BMC Infect Dis",2021,"3/22/21","PMC7940866","","10.1186/s12879-021-05935-w"
"128",33711940,"Preliminary review on the prevalence, proportion, geographical distribution, and characteristics of naturally acquired Plasmodium cynomolgi infection in mosquitoes, macaques, and humans: a systematic review and meta-analysis","Kotepui M, Masangkay FR, Kotepui KU, Milanez GJ.","BMC Infect Dis. 2021 Mar 12;21(1):259. doi: 10.1186/s12879-021-05941-y.","Kotepui M","BMC Infect Dis",2021,"3/13/21","PMC7953546","","10.1186/s12879-021-05941-y"
"129",34090384,"Klebsiella spp. cause severe and fatal disease in Mozambican children: antimicrobial resistance profile and molecular characterization","Massinga AJ, Garrine M, Messa A Jr, Nobela NA, Boisen N, Massora S, Cossa A, Varo R, Sitoe A, Hurtado JC, Ordi J, Mucavele H, Nhampossa T, Breiman RF, Whitney CG, Blau DM, Bassat Q, Mandomando I.","BMC Infect Dis. 2021 Jun 5;21(1):526. doi: 10.1186/s12879-021-06245-x.","Massinga AJ","BMC Infect Dis",2021,"6/6/21","PMC8178901","","10.1186/s12879-021-06245-x"
"130",34481464,"Prevalence of undetectable and suppressed viral load in HIV-infected pregnant women initiating Option B+ in Uganda: an observational study nested within a randomized controlled trial","Gabagaya G, Rukundo G, Amone A, Wavamunno P, Namale-Matovu J, Lubega I, Nakabiito C, Namukwaya Z, Nolan M, Malamba SS, King R, Homsy J, Fowler MG, Musoke P.","BMC Infect Dis. 2021 Sep 4;21(1):907. doi: 10.1186/s12879-021-06608-4.","Gabagaya G","BMC Infect Dis",2021,"9/5/21","PMC8417996","","10.1186/s12879-021-06608-4"
"131",33435896,"Chest X-ray interpretation does not complement Xpert MTB/RIF in diagnosis of smear-negative pulmonary tuberculosis among TB-HIV co-infected adults in a resource-limited setting","Nakiyingi L, Bwanika JM, Ssengooba W, Mubiru F, Nakanjako D, Joloba ML, Mayanja-Kizza H, Manabe YC.","BMC Infect Dis. 2021 Jan 13;21(1):63. doi: 10.1186/s12879-020-05752-7.","Nakiyingi L","BMC Infect Dis",2021,"1/13/21","PMC7805204","","10.1186/s12879-020-05752-7"
"132",33874901,"High levels of anti-Leishmania IgG3 and low CD4(+) T cells count were associated with relapses in visceral leishmaniasis","Kuschnir RC, Pereira LS, Dutra MRT, de Paula L, Silva-Freitas ML, Corrêa-Castro G, da Costa Cruz Silva S, Cota G, Santos-Oliveira JR, Da-Cruz AM.","BMC Infect Dis. 2021 Apr 20;21(1):369. doi: 10.1186/s12879-021-06051-5.","Kuschnir RC","BMC Infect Dis",2021,"4/20/21","PMC8056614","","10.1186/s12879-021-06051-5"
"133",33496245,"Human Tacheng Tick Virus 2 Infection, China, 2019","Dong Z, Yang M, Wang Z, Zhao S, Xie S, Yang Y, Liu G, Zhao S, Xie J, Liu Q, Wang Y.","Emerg Infect Dis. 2021 Feb;27(2):594-598. doi: 10.3201/eid2702.191486.","Dong Z","Emerg Infect Dis",2021,"1/26/21","PMC7853585","","10.3201/eid2702.191486"
"134",34423767,"Seroprevalence and Virologic Surveillance of Enterovirus 71 and Coxsackievirus A6, United Kingdom, 2006-2017","Kamau E, Nguyen D, Celma C, Blomqvist S, Horby P, Simmonds P, Harvala H.","Emerg Infect Dis. 2021 Sep;27(9):2261-2268. doi: 10.3201/eid2709.204915.","Kamau E","Emerg Infect Dis",2021,"8/23/21","PMC8386771","","10.3201/eid2709.204915"
"135",34437829,"Seroprevalence of SARS-CoV-2-Specific Antibodies among Quarantined Close Contacts of COVID-19 Patients, Faroe Islands, 2020","Petersen MS, Kristiansen MF, Reinert HW, Fjallsbak JP, Christiansen DH, Gaini S, Steig BÁ, Møller LF, Strøm M, Weihe P.","Emerg Infect Dis. 2021;27(11):2795-2801. doi: 10.3201/eid2711.204948. Epub 2021 Aug 26.","Petersen MS","Emerg Infect Dis",2021,"8/26/21","PMC8544982","","10.3201/eid2711.204948"
"136",34545804,"Indoor and Outdoor Rodent Hosts of Orientia tsutsugamushi, Shandong Province, China","Li F, Zhang ZT, Fang LZ, Yu H, Qin XR, Yu XJ.","Emerg Infect Dis. 2021;27(10):2731-2734. doi: 10.3201/eid2710.210393.","Li F","Emerg Infect Dis",2021,"9/21/21","PMC8462322","","10.3201/eid2710.210393"
"137",33350928,"Fatal 3-Nitropropionic Acid Poisoning after Consuming Coconut Water","Birkelund T, Johansen RF, Illum DG, Dyrskog SE, Østergaard JA, Falconer TM, Andersen C, Fridholm H, Overballe-Petersen S, Jensen JS.","Emerg Infect Dis. 2021 Jan;27(1):278-280. doi: 10.3201/eid2701.202222.","Birkelund T","Emerg Infect Dis",2021,"12/22/20","PMC7774558","","10.3201/eid2701.202222"
"138",34469708,"Co-infection with Legionella and SARS-CoV-2, France, March 2020","Allam C, Gaymard A, Descours G, Ginevra C, Josset L, Bouscambert M, Beraud L, Ibranosyan M, Golfier C, Friggeri A, Lina B, Campèse C, Ader F, Jarraud S; COVID-19 diagnosis HCL consortium1.","Emerg Infect Dis. 2021 Nov;27(11):2864-2868. doi: 10.3201/eid2711.202150. Epub 2021 Sep 1.","Allam C","Emerg Infect Dis",2021,"9/1/21","PMC8544966","","10.3201/eid2711.202150"
"139",34152967,"Risks and Preventive Strategies for Clostridioides difficile Transmission to Household or Community Contacts during Transition in Healthcare Settings","Asgary R, Snead JA, Wahid NA, Ro V, Halim M, Stribling JC.","Emerg Infect Dis. 2021 Jul;27(7):1776-1782. doi: 10.3201/eid2707.200209.","Asgary R","Emerg Infect Dis",2021,"6/21/21","PMC8237889","","10.3201/eid2707.200209"
"140",33900171,"SARS-CoV-2 in Nursing Homes after 3 Months of Serial, Facilitywide Point Prevalence Testing, Connecticut, USA","Ehrlich HY, Harizaj A, Campbell L, Colt M, Yuan K, Rabatsky-Ehr T, Weinberger DM, Leung V, Niccolai LM, Parikh S.","Emerg Infect Dis. 2021 May;27(5):1288-1295. doi: 10.3201/eid2705.204936.","Ehrlich HY","Emerg Infect Dis",2021,"4/26/21","PMC8084507","","10.3201/eid2705.204936"
"141",34287138,"Highly Pathogenic Avian Influenza A(H5N8) Virus Clade 2.3.4.4b, Western Siberia, Russia, 2020","Sobolev I, Sharshov K, Dubovitskiy N, Kurskaya O, Alekseev A, Leonov S, Yushkov Y, Irza V, Komissarov A, Fadeev A, Danilenko D, Mine J, Tsunekuni R, Uchida Y, Saito T, Shestopalov A.","Emerg Infect Dis. 2021 Aug;27(8):2224-2227. doi: 10.3201/eid2708.204969.","Sobolev I","Emerg Infect Dis",2021,"7/21/21","PMC8314819","","10.3201/eid2708.204969"
"142",33900192,"Racial and Ethnic Disparities in Incidence of SARS-CoV-2 Infection, 22 US States and DC, January 1-October 1, 2020","Hollis ND, Li W, Van Dyke ME, Njie GJ, Scobie HM, Parker EM, Penman-Aguilar A, Clarke KEN.","Emerg Infect Dis. 2021;27(5):1477-1481. doi: 10.3201/eid2705.204523.","Hollis ND","Emerg Infect Dis",2021,"4/26/21","PMC8084494","","10.3201/eid2705.204523"
"143",34546166,"Recurrence of Human Babesiosis Caused by Reinfection","Ho J, Carey E, Carey DE, Krause PJ.","Emerg Infect Dis. 2021 Oct;27(10):2658-61. doi: 10.3201/eid2710.211240.","Ho J","Emerg Infect Dis",2021,"9/21/21","PMC8462340","","10.3201/eid2710.211240"
"144",33539720,"Surveillance of COVID-19-Associated Multisystem Inflammatory Syndrome in Children, South Korea","Choe YJ, Choi EH, Choi JW, Eun BW, Eun LY, Kim YJ, Kim YH, Kim YA, Kim YK, Kwak JH, Lee HM, Lee H, Lee JK, Park JD, Kim EJ, Park YJ, Gwack J, Lee SW.","Emerg Infect Dis. 2021 Apr;27(4):1196-1200. doi: 10.3201/eid2704.210026. Epub 2021 Feb 4.","Choe YJ","Emerg Infect Dis",2021,"2/4/21","PMC8007302","","10.3201/eid2704.210026"
"145",33496239,"Hepatitis C Virus Transmission Clusters in Public Health and Correctional Settings, Wisconsin, USA, 2016-2017(1)","Hochstatter KR, Tully DC, Power KA, Koepke R, Akhtar WZ, Prieve AF, Whyte T, Bean DJ, Seal DW, Allen TM, Westergaard RP.","Emerg Infect Dis. 2021 Feb;27(2):480-489. doi: 10.3201/eid2702.202957.","Hochstatter KR","Emerg Infect Dis",2021,"1/26/21","PMC7853590","","10.3201/eid2702.202957"
"146",33624579,"Drug-Resistant Tuberculosis in Pet Ring-Tailed Lemur, Madagascar","LaFleur M, Reuter KE, Hall MB, Rasoanaivo HH, McKernan S, Ranaivomanana P, Michel A, Rabodoarivelo MS, Iqbal Z, Rakotosamimanana N, Lapierre SG.","Emerg Infect Dis. 2021 Mar;27(3):977-979. doi: 10.3201/eid2703.202924.","LaFleur M","Emerg Infect Dis",2021,"2/24/21","PMC7920673","","10.3201/eid2703.202924"
"147",34087088,"Weekly SARS-CoV-2 Sentinel Surveillance in Primary Schools, Kindergartens, and Nurseries, Germany, June‒November 2020","Hoch M, Vogel S, Kolberg L, Dick E, Fingerle V, Eberle U, Ackermann N, Sing A, Huebner J, Rack-Hoch A, Schober T, von Both U.","Emerg Infect Dis. 2021 Aug;27(8):2192-2196. doi: 10.3201/eid2708.204859. Epub 2021 Jun 4.","Hoch M","Emerg Infect Dis",2021,"6/4/21","PMC8314813","","10.3201/eid2708.204859"
"148",33734063,"Transmission of Severe Acute Respiratory Syndrome Coronavirus 2 during Border Quarantine and Air Travel, New Zealand (Aotearoa)","Eichler N, Thornley C, Swadi T, Devine T, McElnay C, Sherwood J, Brunton C, Williamson F, Freeman J, Berger S, Ren X, Storey M, de Ligt J, Geoghegan JL.","Emerg Infect Dis. 2021 May;27(5):1274-1278. doi: 10.3201/eid2705.210514. Epub 2021 Mar 18.","Eichler N","Emerg Infect Dis",2021,"3/18/21","PMC8084504","","10.3201/eid2705.210514"
"149",34708686,"Incidence Trends for SARS-CoV-2 Alpha and Beta Variants, Finland, Spring 2021","Kant R, Nguyen PT, Blomqvist S, Erdin M, Alburkat H, Suvanto M, Zakham F, Salminen V, Olander V, Paloniemi M, Huhti L, Lehtinen S, Luukinen B, Jarva H, Kallio-Kokko H, Kurkela S, Lappalainen M, Liimatainen H, Hannula S, Halkilahti J, Ikonen J, Ikonen N, Helve O, Gunell M, Vuorinen T, Plyusnin I, Lindh E, Ellonen P, Sironen T, Savolainen-Kopra C, Smura T, Vapalahti O.","Emerg Infect Dis. 2021 Dec;27(12):3137-3141. doi: 10.3201/eid2712.211631. Epub 2021 Oct 28.","Kant R","Emerg Infect Dis",2021,"10/28/21","PMC8632157","","10.3201/eid2712.211631"
"150",33496247,"Increasing Incidence of Invasive Group A Streptococcus Disease in First Nations Population, Alberta, Canada, 2003-2017","Tyrrell GJ, Bell C, Bill L, Fathima S.","Emerg Infect Dis. 2021 Feb;27(2):443-451. doi: 10.3201/eid2702.201945.","Tyrrell GJ","Emerg Infect Dis",2021,"1/26/21","PMC7853581","","10.3201/eid2702.201945"
"151",33496218,"Spread of Multidrug-Resistant Rhodococcus equi, United States","Álvarez-Narváez S, Giguère S, Cohen N, Slovis N, Vázquez-Boland JA.","Emerg Infect Dis. 2021 Feb;27(2):529-537. doi: 10.3201/eid2702.203030.","Álvarez-Narváez S","Emerg Infect Dis",2021,"1/26/21","PMC7853588","","10.3201/eid2702.203030"
"152",34399085,"Severe Acute Respiratory Syndrome Coronavirus 2 Transmission in Georgia, USA, February 1-July 13, 2020","Wang Y, Siesel C, Chen Y, Lopman B, Edison L, Thomas M, Adams C, Lau M, Teunis PFM.","Emerg Infect Dis. 2021 Oct;27(10):2578-2587. doi: 10.3201/eid2710.210061. Epub 2021 Aug 16.","Wang Y","Emerg Infect Dis",2021,"8/16/21","PMC8462336","","10.3201/eid2710.210061"
"153",34278432,"Interchangeability of periplasmic adaptor proteins AcrA and AcrE in forming functional efflux pumps with AcrD in Salmonella enterica serovar Typhimurium","Alav I, Bavro VN, Blair JMA.","J Antimicrob Chemother. 2021 Sep 15;76(10):2558-2564. doi: 10.1093/jac/dkab237.","Alav I","J Antimicrob Chemother",2021,"7/19/21","PMC8446912","","10.1093/jac/dkab237"
"154",34021752,"Improving outcomes and antibiotic stewardship (IOAS) for patients with Gram-positive bloodstream infections through use of rapid testing: a quasi-experimental multicentre study of the Accelerate PhenoTest™ BC Kit","MacVane SH, Bhalodi AA, Dare RK, Rosenbaum ER, Wolfe K, Ford B, Ince D, Kinn P, Percival KM, Humphries RM.","J Antimicrob Chemother. 2021 Aug 12;76(9):2453-2463. doi: 10.1093/jac/dkab165.","MacVane SH","J Antimicrob Chemother",2021,"5/22/21","PMC8361360","","10.1093/jac/dkab165"
"155",32596725,"Comparing Nasopharyngeal and Midturbinate Nasal Swab Testing for the Identification of Severe Acute Respiratory Syndrome Coronavirus 2","Pinninti S, Trieu C, Pati SK, Latting M, Cooper J, Seleme MC, Boppana S, Arora N, Britt WJ, Boppana SB.","Clin Infect Dis. 2021 Apr 8;72(7):1253-1255. doi: 10.1093/cid/ciaa882.","Pinninti S","Clin Infect Dis",2021,"6/30/20","PMC7337631","","10.1093/cid/ciaa882"
"156",33501949,"One Hundred Days of Coronavirus Disease 2019 Prevention and Control in China","Zhou L, Wu Z, Li Z, Zhang Y, McGoogan JM, Li Q, Dong X, Ren R, Feng L, Qi X, Xi J, Cui Y, Tan W, Shi G, Wu G, Xu W, Wang X, Ma J, Su X, Feng Z, Gao GF.","Clin Infect Dis. 2021 Jan 27;72(2):332-339. doi: 10.1093/cid/ciaa725.","Zhou L","Clin Infect Dis",2021,"1/27/21","PMC7314211","","10.1093/cid/ciaa725"
"157",32927479,"Viral Genomics to Inform Infection-control Response in Occupational Coronavirus Disease 2019 (COVID-19) Transmission","Whyler NCA, Sherry NL, Lane CR, Seemann T, Andersson P, Sait M, Graham M, Korman TM, Howden BP, Stuart RL.","Clin Infect Dis. 2021 Oct 5;73(7):e1881-e1884. doi: 10.1093/cid/ciaa1385.","Whyler NCA","Clin Infect Dis",2021,"9/14/20","PMC7543329","","10.1093/cid/ciaa1385"
"158",34048568,"Outpatient Treatment of Severe Acute Respiratory Syndrome Coronavirus 2 Infection to Prevent Coronavirus Disease 2019 Progression","Cohen MS, Wohl DA, Fischer WA, Smith DM, Eron JJ.","Clin Infect Dis. 2021 Nov 2;73(9):1717-1721. doi: 10.1093/cid/ciab494.","Cohen MS","Clin Infect Dis",2021,"5/28/21","PMC8194682","","10.1093/cid/ciab494"
"159",33501958,"Are All Patients with Cancer at Heightened Risk for Severe Coronavirus Disease 2019 (COVID-19)?","Chamilos G, Lionakis MS, Kontoyiannis DP.","Clin Infect Dis. 2021 Jan 27;72(2):351-356. doi: 10.1093/cid/ciaa1079.","Chamilos G","Clin Infect Dis",2021,"1/27/21","PMC7454377","","10.1093/cid/ciaa1079"
"160",31995183,"Carrier-Induced Hyporesponsiveness to Pneumococcal Conjugate Vaccines: Unraveling the Influence of Serotypes, Timing, and Previous Vaccine Dose","Dagan R, Jiang Q, Juergens C, Trammel J, Gruber WC, Scott DA.","Clin Infect Dis. 2021 Feb 1;72(3):448-454. doi: 10.1093/cid/ciaa083.","Dagan R","Clin Infect Dis",2021,"1/30/20","PMC7850554","","10.1093/cid/ciaa083"
"161",33196783,"Impact of the Coronavirus Disease 2019 (COVID-19) Pandemic on Invasive Pneumococcal Disease and Risk of Pneumococcal Coinfection With Severe Acute Respiratory Syndrome Coronavirus 2 (SARS-CoV-2): Prospective National Cohort Study, England","Amin-Chowdhury Z, Aiano F, Mensah A, Sheppard CL, Litt D, Fry NK, Andrews N, Ramsay ME, Ladhani SN.","Clin Infect Dis. 2021 Mar 1;72(5):e65-e75. doi: 10.1093/cid/ciaa1728.","Amin-Chowdhury Z","Clin Infect Dis",2021,"11/16/20","PMC7717180","","10.1093/cid/ciaa1728"
"162",33639620,"Changes in Severe Acute Respiratory Syndrome Coronavirus 2 Seroprevalence Over Time in 10 Sites in the United States, March-August, 2020","Lim T, Delorey M, Bestul N, Johannson MA, Reed C, Hall AJ, Fry AM, Edens C, Semenova V, Li H, Browning P, Desai R, Epperson M, Jia T, Thornburg NJ, Schiffer J, Havers FP.","Clin Infect Dis. 2021 Nov 16;73(10):1831-1839. doi: 10.1093/cid/ciab185.","Lim T","Clin Infect Dis",2021,"2/27/21","PMC7989518","","10.1093/cid/ciab185"
"163",32761244,"Comparing Nasopharyngeal Swab and Early Morning Saliva for the Identification of Severe Acute Respiratory Syndrome Coronavirus 2 (SARS-CoV-2)","Rao M, Rashid FA, Sabri FSAH, Jamil NN, Zain R, Hashim R, Amran F, Kok HT, Samad MAA, Ahmad N.","Clin Infect Dis. 2021 May 4;72(9):e352-e356. doi: 10.1093/cid/ciaa1156.","Rao M","Clin Infect Dis",2021,"8/8/20","PMC7454325","","10.1093/cid/ciaa1156"
"164",33768222,"Single Dose of an mRNA Severe Acute Respiratory Syndrome Coronavirus 2 (SARS-Cov-2) Vaccine Is Associated With Lower Nasopharyngeal Viral Load Among Nursing Home Residents With Asymptomatic Coronavirus Disease 2019 (COVID-19)","McEllistrem MC, Clancy CJ, Buehrle DJ, Lucas A, Decker BK.","Clin Infect Dis. 2021 Sep 15;73(6):e1365-e1367. doi: 10.1093/cid/ciab263.","McEllistrem MC","Clin Infect Dis",2021,"3/26/21","PMC8083695","","10.1093/cid/ciab263"
"165",32940646,"Lung Ultrasonography for Risk Stratification in Patients with Coronavirus Disease 2019 (COVID-19): A Prospective Observational Cohort Study","Brahier T, Meuwly JY, Pantet O, Brochu Vez MJ, Gerhard Donnet H, Hartley MA, Hugli O, Boillat-Blanco N.","Clin Infect Dis. 2021 Dec 6;73(11):e4189-e4196. doi: 10.1093/cid/ciaa1408.","Brahier T","Clin Infect Dis",2021,"9/17/20","PMC7543331","","10.1093/cid/ciaa1408"
"166",33623985,"Shorter and Longer Courses of Antibiotics for Common Infections and the Association With Reductions of Infection-Related Complications Including Hospital Admissions","Palin V, Welfare W, Ashcroft DM, van Staa TP.","Clin Infect Dis. 2021 Nov 16;73(10):1805-1812. doi: 10.1093/cid/ciab159.","Palin V","Clin Infect Dis",2021,"2/24/21","PMC8599204","","10.1093/cid/ciab159"
"167",32211763,"Decline in Hepatitis C Virus (HCV) Incidence in Men Who Have Sex With Men Living With Human Immunodeficiency Virus: Progress to HCV Microelimination in the United Kingdom?","Garvey LJ, Cooke GS, Smith C, Stingone C, Ghosh I, Dakshina S, Jain L, Waters LJ, Mahungu T, Ferro F, Sood C, Freeman C, Phillips C, Dhairyawan R, Burholt R, Sharp H, Ullah S, Gilleece Y, Brown A, Orkin C, Rodger A, Bhagani S.","Clin Infect Dis. 2021 Jan 27;72(2):233-238. doi: 10.1093/cid/ciaa021.","Garvey LJ","Clin Infect Dis",2021,"3/27/20","PMC7840101","","10.1093/cid/ciaa021"
"168",32785701,"A Severe Acute Respiratory Syndrome Coronavirus 2 (SARS-CoV-2) Prediction Model From Standard Laboratory Tests","Bayat V, Phelps S, Ryono R, Lee C, Parekh H, Mewton J, Sedghi F, Etminani P, Holodniy M.","Clin Infect Dis. 2021 Nov 2;73(9):e2901-e2907. doi: 10.1093/cid/ciaa1175.","Bayat V","Clin Infect Dis",2021,"8/14/20","PMC7454351","","10.1093/cid/ciaa1175"
"169",32856034,"Patient Characteristics and Outcomes of 11 721 Patients With Coronavirus Disease 2019 (COVID-19) Hospitalized Across the United States","Fried MW, Crawford JM, Mospan AR, Watkins SE, Munoz B, Zink RC, Elliott S, Burleson K, Landis C, Reddy KR, Brown RS.","Clin Infect Dis. 2021 May 18;72(10):e558-e565. doi: 10.1093/cid/ciaa1268.","Fried MW","Clin Infect Dis",2021,"8/29/20","PMC7499515","","10.1093/cid/ciaa1268"
"170",33147319,"Lack of Antibodies to Severe Acute Respiratory Syndrome Coronavirus 2 (SARS-CoV-2) in a Large Cohort of Previously Infected Persons","Petersen LR, Sami S, Vuong N, Pathela P, Weiss D, Morgenthau BM, Henseler RA, Daskalakis DC, Atas J, Patel A, Lukacs S, Mackey L, Grohskopf LA, Thornburg N, Akinbami LJ.","Clin Infect Dis. 2021 Nov 2;73(9):e3066-e3073. doi: 10.1093/cid/ciaa1685.","Petersen LR","Clin Infect Dis",2021,"11/4/20","PMC7665429","","10.1093/cid/ciaa1685"
"171",32671407,"Long-term Outcome of Short-course High-dose Glucocorticoids for Severe Acute Respiratory Syndrome (SARS): A 17-Year Follow-up in SARS Survivors","Sing CW, Tan KCB, Wong ICK, Cheung BMY, Cheung CL.","Clin Infect Dis. 2021 May 18;72(10):1830-1833. doi: 10.1093/cid/ciaa992.","Sing CW","Clin Infect Dis",2021,"7/17/20","PMC7454482","","10.1093/cid/ciaa992"
"172",33146720,"Induction of Cross-Reactive Hemagglutination Inhibiting Antibody and Polyfunctional CD4+ T-Cell Responses by a Recombinant Matrix-M-Adjuvanted Hemagglutinin Nanoparticle Influenza Vaccine","Shinde V, Cai R, Plested J, Cho I, Fiske J, Pham X, Zhu M, Cloney-Clark S, Wang N, Zhou H, Zhou B, Patel N, Massare MJ, Fix A, Spindler M, Thomas DN, Smith G, Fries L, Glenn GM.","Clin Infect Dis. 2021 Dec 6;73(11):e4278-e4287. doi: 10.1093/cid/ciaa1673.","Shinde V","Clin Infect Dis",2021,"11/4/20","PMC8664440","","10.1093/cid/ciaa1673"
"173",32770240,"AVIFAVIR for Treatment of Patients With Moderate Coronavirus Disease 2019 (COVID-19): Interim Results of a Phase II/III Multicenter Randomized Clinical Trial","Ivashchenko AA, Dmitriev KA, Vostokova NV, Azarova VN, Blinow AA, Egorova AN, Gordeev IG, Ilin AP, Karapetian RN, Kravchenko DV, Lomakin NV, Merkulova EA, Papazova NA, Pavlikova EP, Savchuk NP, Simakina EN, Sitdekov TA, Smolyarchuk EA, Tikhomolova EG, Yakubova EV, Ivachtchenko AV.","Clin Infect Dis. 2021 Aug 2;73(3):531-534. doi: 10.1093/cid/ciaa1176.","Ivashchenko AA","Clin Infect Dis",2021,"8/10/20","PMC7454388","","10.1093/cid/ciaa1176"
"174",32649738,"Development and Validation of a Nomogram for Assessing Survival in Patients With COVID-19 Pneumonia","Dong YM, Sun J, Li YX, Chen Q, Liu QQ, Sun Z, Pang R, Chen F, Xu BY, Manyande A, Clark TG, Li JP, Orhan IE, Tian YK, Wang T, Wu W, Ye DW.","Clin Infect Dis. 2021 Feb 16;72(4):652-660. doi: 10.1093/cid/ciaa963.","Dong YM","Clin Infect Dis",2021,"7/11/20","PMC7454485","","10.1093/cid/ciaa963"
"175",32766815,"Coronavirus Disease 2019 in Solid Organ Transplant: A Multicenter Cohort Study","Kates OS, Haydel BM, Florman SS, Rana MM, Chaudhry ZS, Ramesh MS, Safa K, Kotton CN, Blumberg EA, Besharatian BD, Tanna SD, Ison MG, Malinis M, Azar MM, Rakita RM, Morilla JA, Majeed A, Sait AS, Spaggiari M, Hemmige V, Mehta SA, Neumann H, Badami A, Goldman JD, Lala A, Hemmersbach-Miller M, McCort ME, Bajrovic V, Ortiz-Bautista C, Friedman-Moraco R, Sehgal S, Lease ED, Fisher CE, Limaye AP; UW COVID-19 SOT Study Team.","Clin Infect Dis. 2021 Dec 6;73(11):e4090-e4099. doi: 10.1093/cid/ciaa1097.","Kates OS","Clin Infect Dis",2021,"8/9/20","PMC7454362","","10.1093/cid/ciaa1097"
"176",33051650,"Antifungal Susceptibility Does Not Correlate With Fungal Clearance or Survival in AIDS-Associated Cryptococcal Meningitis","O'Connor L, Van Anh D, Chau TTH, Chau NVV, Huong LNP, Wolbers M, Day JN.","Clin Infect Dis. 2021 Oct 5;73(7):e2338-e2341. doi: 10.1093/cid/ciaa1544.","O'Connor L","Clin Infect Dis",2021,"10/14/20","PMC8561241","","10.1093/cid/ciaa1544"
"177",32594104,"The Safety of Delayed Versus Immediate Antibiotic Prescribing for Upper Respiratory Tract Infections","van Staa TP, Palin V, Brown B, Welfare W, Li Y, Ashcroft DM.","Clin Infect Dis. 2021 Jul 15;73(2):e394-e401. doi: 10.1093/cid/ciaa890.","van Staa TP","Clin Infect Dis",2021,"6/29/20","PMC8282258","","10.1093/cid/ciaa890"
"178",32910814,"Management of Drug Toxicity in Mycobacterium avium Complex Pulmonary Disease: An Expert Panel Survey","van Ingen J, Aliberti S, Andrejak C, Chalmers JD, Codecasa LR, Daley CL, Hasegawa N, Griffith DE, Hoefsloot W, Huitt G, Jarand J, Jhun BW, Loebinger MR, Marras TK, Morimoto K, Polverino E, Ringshausen FC, Santin M, Thomson R, Wagner D, Wallace RJ, Winthrop KL, Yim JJ.","Clin Infect Dis. 2021 Jul 1;73(1):e256-e259. doi: 10.1093/cid/ciaa1361.","van Ingen J","Clin Infect Dis",2021,"9/10/20","PMC8491833","","10.1093/cid/ciaa1361"
"179",33725725,"Rapidly Increasing SARS-CoV-2 Neutralization by Intravenous Immunoglobulins Produced from Plasma Collected During the 2020 Pandemic","Farcet MR, Karbiener M, Schwaiger J, Ilk R, Kreil TR.","J Infect Dis. 2021 Mar 16:jiab142. doi: 10.1093/infdis/jiab142. Online ahead of print.","Farcet MR","J Infect Dis",2021,"3/16/21","PMC7989343","","10.1093/infdis/jiab142"
"180",34134130,"Epidemiology of Reported HIV and Other Sexually Transmitted Infections During the COVID-19 Pandemic, New York City","Braunstein SL, Slutsker JS, Lazar R, Shah D, Hennessy RR, Chen SX, Pathela P, Daskalakis DC, Schillinger JA.","J Infect Dis. 2021 Sep 1;224(5):798-803. doi: 10.1093/infdis/jiab319.","Braunstein SL","J Infect Dis",2021,"6/16/21","PMC8344782","","10.1093/infdis/jiab319"
"181",34223909,"Limited Neutralization of Authentic Severe Acute Respiratory Syndrome Coronavirus 2 Variants Carrying E484K In Vitro","Widera M, Wilhelm A, Hoehl S, Pallas C, Kohmer N, Wolf T, Rabenau HF, Corman VM, Drosten C, Vehreschild MJGT, Goetsch U, Gottschalk R, Ciesek S.","J Infect Dis. 2021 Oct 13;224(7):1109-1114. doi: 10.1093/infdis/jiab355.","Widera M","J Infect Dis",2021,"7/5/21","PMC8344430","","10.1093/infdis/jiab355"
"182",33605423,"Susceptibility and Attenuated Transmissibility of SARS-CoV-2 in Domestic Cats","Bao L, Song Z, Xue J, Gao H, Liu J, Wang J, Guo Q, Zhao B, Qu Y, Qi F, Gong S, Liu M, Lv Q, Li D, Han Y, Zhao W, Deng S, Liu Y, Xiang Z, Yang B, Deng W, Yu H, Cong Z, Wei Q, Xu J, Gao GF, Qin C.","J Infect Dis. 2021 Apr 23;223(8):1313-1321. doi: 10.1093/infdis/jiab104.","Bao L","J Infect Dis",2021,"2/19/21","PMC7928776","","10.1093/infdis/jiab104"
"183",33963757,"Early Initiation of Antiretroviral Therapy Following In Utero HIV Infection Is Associated With Low Viral Reservoirs but Other Factors Determine Viral Rebound","Millar JR, Bengu N, Vieira VA, Adland E, Roider J, Muenchhoff M, Fillis R, Sprenger K, Ntlantsana V, Fatti I, Archary M, Groll A, Ismail N, García-Guerrero MC, Matthews PC, Ndung'u T, Puertas MC, Martinez-Picado J, Goulder P.","J Infect Dis. 2021 Dec 1;224(11):1925-1934. doi: 10.1093/infdis/jiab223.","Millar JR","J Infect Dis",2021,"5/8/21","PMC8643423","","10.1093/infdis/jiab223"
"184",33906224,"Human Behavior, Livelihood, and Malaria Transmission in Two Sites of Papua New Guinea","Rodríguez-Rodríguez D, Katusele M, Auwun A, Marem M, Robinson LJ, Laman M, Hetzel MW, Pulford J.","J Infect Dis. 2021 Apr 27;223(12 Suppl 2):S171-S186. doi: 10.1093/infdis/jiaa402.","Rodríguez-Rodríguez D","J Infect Dis",2021,"4/27/21","PMC8079136","","10.1093/infdis/jiaa402"
"185",34469554,"Impact of Vaccination on Haemophilus influenzae Type b Carriage in Healthy Children Less Than 5 Years of Age in an Urban Population in Nepal","Shrestha S, Stockdale LK, Gautam MC, Gurung M, Feng S, Maskey P, Kerridge S, Kelly S, Voysey M, Pokhrel B, Rajbhandari P, Thorson S, Khadka B, Shah G, Scherer KS, Kelly D, Murdoch DR, Shrestha S, Pollard AJ.","J Infect Dis. 2021 Sep 1;224(12 Suppl 2):S267-S274. doi: 10.1093/infdis/jiab072.","Shrestha S","J Infect Dis",2021,"9/1/21","PMC8409530","","10.1093/infdis/jiab072"
"186",32621741,"A Randomized Phase 4 Study of Immunogenicity and Safety After Monovalent Oral Type 2 Sabin Poliovirus Vaccine Challenge in Children Vaccinated with Inactivated Poliovirus Vaccine in Lithuania","Bandyopadhyay AS, Gast C, Brickley EB, Rüttimann R, Clemens R, Oberste MS, Weldon WC, Ackerman ME, Connor RI, Wieland-Alter WF, Wright P, Usonis V.","J Infect Dis. 2021 Jan 4;223(1):119-127. doi: 10.1093/infdis/jiaa390.","Bandyopadhyay AS","J Infect Dis",2021,"7/5/20","PMC7781454","","10.1093/infdis/jiaa390"
"187",33880537,"ACE2, TMPRSS2, and L-SIGN Expression in Placentae From HIV-Positive Pregnancies Exposed to Antiretroviral Therapy-Implications for SARS-CoV-2 Placental Infection","Kala S, Meteleva K, Serghides L.","J Infect Dis. 2021 Dec 8;224(Supplement_6):S631-S641. doi: 10.1093/infdis/jiab166.","Kala S","J Infect Dis",2021,"4/21/21","PMC8083191","","10.1093/infdis/jiab166"
"188",33098643,"CoVA: An Acuity Score for Outpatient Screening that Predicts Coronavirus Disease 2019 Prognosis","Sun H, Jain A, Leone MJ, Alabsi HS, Brenner LN, Ye E, Ge W, Shao YP, Boutros CL, Wang R, Tesh RA, Magdamo C, Collens SI, Ganglberger W, Bassett IV, Meigs JB, Kalpathy-Cramer J, Li MD, Chu JT, Dougan ML, Stratton LW, Rosand J, Fischl B, Das S, Mukerji SS, Robbins GK, Westover MB.","J Infect Dis. 2021 Jan 4;223(1):38-46. doi: 10.1093/infdis/jiaa663.","Sun H","J Infect Dis",2021,"10/24/20","PMC7665643","","10.1093/infdis/jiaa663"
"189",33367830,"SARS-CoV-2 Serologic Assays in Control and Unknown Populations Demonstrate the Necessity of Virus Neutralization Testing","Rathe JA, Hemann EA, Eggenberger J, Li Z, Knoll ML, Stokes C, Hsiang TY, Netland J, Takehara KK, Pepper M, Gale M Jr.","J Infect Dis. 2021 Apr 8;223(7):1120-1131. doi: 10.1093/infdis/jiaa797.","Rathe JA","J Infect Dis",2021,"12/28/20","PMC7798987","","10.1093/infdis/jiaa797"
"190",33526558,"Evaluating the Role of STAT3 in CD4(+) T Cells in Susceptibility to Invasive Aspergillosis","Gohir W, McTaggart L, Kus JV, Mazzulli T, Kumar D, Humar A, Husain S.","Infect Immun. 2021 Apr 16;89(5):e00035-21. doi: 10.1128/IAI.00035-21. Print 2021 Apr 16.","Gohir W","Infect Immun",2021,"2/2/21","PMC8091102","","10.1128/IAI.00035-21"
"191",34491791,"Metabolic Plasticity Aids Amphotropism of Coxiella burnetii","Sanchez SE, Goodman AG, Omsland A.","Infect Immun. 2021 Nov 16;89(12):e0013521. doi: 10.1128/IAI.00135-21. Epub 2021 Sep 7.","Sanchez SE","Infect Immun",2021,"9/7/21","PMC8594591","","10.1128/IAI.00135-21"
"192",34152830,"Strategic Variants of CSP Delivered as SynDNA Vaccines Demonstrate Heterogeneity of Immunogenicity and Protection from Plasmodium Infection in a Murine Model","Reeder SM, Bah MA, Tursi NJ, Brooks RC, Patel A, Esquivel R, Eaton A, Jhun H, Chu J, Kim K, Xu Z, Zavala F, Weiner DB.","Infect Immun. 2021 Sep 16;89(10):e0072820. doi: 10.1128/IAI.00728-20. Epub 2021 Jun 21.","Reeder SM","Infect Immun",2021,"6/21/21","PMC8445182","","10.1128/IAI.00728-20"
"193",31277588,"The burden of antimicrobial resistance at tertiary care hospital, southern Ethiopia: a three years' retrospective study","Alemayehu T, Ali M, Mitiku E, Hailemariam M.","BMC Infect Dis. 2019 Jul 5;19(1):585. doi: 10.1186/s12879-019-4210-1.","Alemayehu T","BMC Infect Dis",2019,"2019/07/07","PMC6612117","","10.1186/s12879-019-4210-1"
"194",30099510,"Precision Surveillance for Viral Respiratory Pathogens: Virome Capture Sequencing for the Detection and Genomic Characterization of Severe Acute Respiratory Infection in Uganda","Cummings MJ, Tokarz R, Bakamutumaho B, Kayiwa J, Byaruhanga T, Owor N, Namagambo B, Wolf A, Mathema B, Lutwama JJ, Schluger NW, Lipkin WI, O'Donnell MR.","Clin Infect Dis. 2019 Mar 19;68(7):1118-1125. doi: 10.1093/cid/ciy656.","Cummings MJ","Clin Infect Dis",2019,"2018/08/13","PMC6424078","","10.1093/cid/ciy656"
"195",33383223,"False-positive results of SARS-CoV-2 IgM/IgG antibody tests in sera stored before the 2020 pandemic in Italy","Latiano A, Tavano F, Panza A, Palmieri O, Niro GA, Andriulli N, Latiano T, Corritore G, Gioffreda D, Gentile A, Fontana R, Guerra M, Biscaglia G, Bossa F, Carella M, Miscio G, di Mauro L.","Int J Infect Dis. 2021 Mar;104:159-163. doi: 10.1016/j.ijid.2020.12.067. Epub 2020 Dec 28.","Latiano A","Int J Infect Dis",2021,"2020/12/31","PMC7834192","","10.1016/j.ijid.2020.12.067"
"196",34082089,"Comparison of Roche and Lumipulse quantitative SARS-CoV-2 antigen test performance using automated systems for the diagnosis of COVID-19","Hirotsu Y, Sugiura H, Maejima M, Hayakawa M, Mochizuki H, Tsutsui T, Kakizaki Y, Miyashita Y, Omata M.","Int J Infect Dis. 2021 Jul;108:263-269. doi: 10.1016/j.ijid.2021.05.067. Epub 2021 Jun 1.","Hirotsu Y","Int J Infect Dis",2021,"2021/06/03","PMC8166457","","10.1016/j.ijid.2021.05.067"
"197",32422408,"Saliva sample as a non-invasive specimen for the diagnosis of coronavirus disease 2019: a cross-sectional study","Pasomsub E, Watcharananan SP, Boonyawat K, Janchompoo P, Wongtabtim G, Suksuwan W, Sungkanuparph S, Phuphuakrat A.","Clin Microbiol Infect. 2021 Feb;27(2):285.e1-285.e4. doi: 10.1016/j.cmi.2020.05.001. Epub 2020 May 15.","Pasomsub E","Clin Microbiol Infect",2021,"2020/05/19","PMC7227531","","10.1016/j.cmi.2020.05.001"
"198",33435889,"Congenital syphilis in East Baton Rouge parish, Louisiana: providers' and women's perspectives","Harville EW, Giarratano GP, Buekens P, Lang E, Wagman J.","BMC Infect Dis. 2021 Jan 13;21(1):64. doi: 10.1186/s12879-020-05753-6.","Harville EW","BMC Infect Dis",2021,"2021/01/13","PMC7805072","","10.1186/s12879-020-05753-6"
"199",33441087,"Follow-up investigation of antibody titers and diagnostic antibody cutoff values in patients with scrub typhus in South Korea","Kim CM, Kim DM, Yun NR.","BMC Infect Dis. 2021 Jan 13;21(1):69. doi: 10.1186/s12879-020-05735-8.","Kim CM","BMC Infect Dis",2021,"2021/01/14","PMC7807423","","10.1186/s12879-020-05735-8"
"200",34152948,"Psychobehavioral Responses and Likelihood of Receiving COVID-19 Vaccines during the Pandemic, Hong Kong","Kwok KO, Li KK, Tang A, Tsoi MTF, Chan EYY, Tang JWT, Wong A, Wei WI, Wong SYS.","Emerg Infect Dis. 2021 Jul;27(7):1802-1810. doi: 10.3201/eid2707.210054.","Kwok KO","Emerg Infect Dis",2021,"2021/06/21","PMC8237883","","10.3201/eid2707.210054"
