"","pmid","DOI","is_research.x","is_review.x","is_open_data","open_data_statements","is_open_code","open_code_statements","is_coi_pred","coi_text","is_fund_pred","fund_text","is_register_pred","register_text","is_success.y","Publication.Year","Journal.Book","Authors","COVID","COVID.Year"
"2081",32173725,"10.1093/cid/ciaa270",TRUE,FALSE,FALSE,"",FALSE,"",FALSE,"",FALSE,"",FALSE,"",TRUE,2021,"Clin Infect Dis","Mo P, Xing Y, Xiao Y, Deng L, Zhao Q, Wang H, Xiong Y, Cheng Z, Gao S, Liang K, Luo M, Chen T, Song S, Ma Z, Chen X, Zheng R, Cao Q, Wang F, Zhang Y.","TRUE","2021 TRUE"
"2082",32182347,"10.1093/cid/ciaa226",TRUE,FALSE,FALSE,"",FALSE,"",FALSE,"",FALSE,"",FALSE,"",TRUE,2021,"Clin Infect Dis","Fan C, Lei D, Fang C, Li C, Wang M, Liu Y, Bao Y, Sun Y, Huang J, Guo Y, Yu Y, Wang S.","TRUE","2021 TRUE"
"2103",32409826,"10.1093/cid/ciaa578",TRUE,FALSE,FALSE,"",FALSE,"",FALSE,"",FALSE,"",FALSE,"",TRUE,2021,"Clin Infect Dis","Deng X, Yang J, Wang W, Wang X, Zhou J, Chen Z, Li J, Chen Y, Yan H, Zhang J, Zhang Y, Wang Y, Qiu Q, Gong H, Wei X, Wang L, Sun K, Wu P, Ajelli M, Cowling BJ, Viboud C, Yu H.","TRUE","2021 TRUE"
"2114",32463434,"10.1093/cid/ciaa663",TRUE,FALSE,FALSE,"",FALSE,"",FALSE,"",FALSE,"",FALSE,"",TRUE,2021,"Clin Infect Dis","Zhang H, Ai JW, Yang W, Zhou X, He F, Xie S, Zeng W, Li Y, Yu Y, Gou X, Li Y, Wang X, Su H, Zhu Z, Xu T, Zhang W.","TRUE","2021 TRUE"
"2116",32472683,"10.1093/cid/ciaa673",TRUE,FALSE,FALSE,"",FALSE,"",FALSE,"",FALSE,"",FALSE,"",TRUE,2021,"Clin Infect Dis","Tam PCK, Ly KM, Kernich ML, Spurrier N, Lawrence D, Gordon DL, Tucker EC.","TRUE","2021 TRUE"
"2117",32472687,"10.1093/cid/ciaa672",TRUE,FALSE,FALSE,"",FALSE,"",FALSE,"",FALSE,"",FALSE,"",TRUE,2021,"Clin Infect Dis","Lee H, Lee H, Song KH, Kim ES, Park JS, Jung J, Ahn S, Jeong EK, Park H, Kim HB.","TRUE","2021 TRUE"
"2120",32474574,"10.1093/cid/ciaa692",TRUE,FALSE,FALSE,"",FALSE,"",FALSE,"",FALSE,"",FALSE,"",TRUE,2021,"Clin Infect Dis","Openshaw JJ, Travassos MA.","TRUE","2021 TRUE"
"2126",32511704,"10.1093/cid/ciaa743",TRUE,FALSE,FALSE,"",FALSE,"",FALSE,"",FALSE,"",FALSE,"",TRUE,2021,"Clin Infect Dis","O'Shea T, Bodkin C, Mokashi V, Beal K, Wiwcharuk J, Lennox R, Guenter D, Smieja M, Bulir D, Chong S.","TRUE","2021 TRUE"
"2128",32544232,"10.1093/cid/ciaa773",TRUE,FALSE,FALSE,"",FALSE,"",FALSE,"",FALSE,"",FALSE,"",TRUE,2021,"Clin Infect Dis","Nieuwlaat R, Mbuagbaw L, Mertz D, Burrows LL, Bowdish DME, Moja L, Wright GD, Schünemann HJ.","TRUE","2021 TRUE"
"2130",32556143,"10.1093/cid/ciaa791",TRUE,FALSE,FALSE,"",FALSE,"",FALSE,"",FALSE,"",FALSE,"",TRUE,2021,"Clin Infect Dis","Paccoud O, Tubach F, Baptiste A, Bleibtreu A, Hajage D, Monsel G, Tebano G, Boutolleau D, Klement E, Godefroy N, Palich R, Itani O, Faiçal A, Valantin MA, Tubiana R, Burrel S, Calvez V, Caumes E, Marcelin AG, Pourcher V.","TRUE","2021 TRUE"
"2132",32562416,"10.1093/cid/ciaa815",TRUE,FALSE,FALSE,"",FALSE,"",FALSE,"",FALSE,"",FALSE,"",TRUE,2021,"Clin Infect Dis","Tai DBG, Shah A, Doubeni CA, Sia IG, Wieland ML.","TRUE","2021 TRUE"
"2133",32562422,"10.1093/cid/ciaa816",TRUE,FALSE,FALSE,"",FALSE,"",FALSE,"",FALSE,"",FALSE,"",TRUE,2021,"Clin Infect Dis","Rickman HM, Rampling T, Shaw K, Martinez-Garcia G, Hail L, Coen P, Shahmanesh M, Shin GY, Nastouli E, Houlihan CF.","TRUE","2021 TRUE"
"2149",32594120,"10.1093/cid/ciaa883",TRUE,FALSE,FALSE,"",FALSE,"",FALSE,"",FALSE,"",FALSE,"",TRUE,2021,"Clin Infect Dis","Leegwater E, Strik A, Wilms EB, Bosma LBE, Burger DM, Ottens TH, van Nieuwkoop C.","TRUE","2021 TRUE"
"2150",32594121,"10.1093/cid/ciaa889",TRUE,FALSE,FALSE,"",FALSE,"",FALSE,"",FALSE,"",FALSE,"",TRUE,2021,"Clin Infect Dis","Bielecki M, Züst R, Siegrist D, Meyerhofer D, Crameri GAG, Stanga Z, Stettbacher A, Buehrer TW, Deuel JW.","TRUE","2021 TRUE"
"2152",32596725,"10.1093/cid/ciaa882",TRUE,FALSE,FALSE,"",FALSE,"",FALSE,"",FALSE,"",FALSE,"",TRUE,2021,"Clin Infect Dis","Pinninti S, Trieu C, Pati SK, Latting M, Cooper J, Seleme MC, Boppana S, Arora N, Britt WJ, Boppana SB.","TRUE","2021 TRUE"
"2157",32604413,"10.1093/cid/ciaa902",TRUE,FALSE,FALSE,"",FALSE,"",FALSE,"",FALSE,"",FALSE,"",TRUE,2021,"Clin Infect Dis","Lehmann CJ, Pho MT, Pitrak D, Ridgway JP, Pettit NN.","TRUE","2021 TRUE"
"2158",32604415,"10.1093/cid/ciaa903",TRUE,FALSE,FALSE,"",FALSE,"",FALSE,"",FALSE,"",FALSE,"",TRUE,2021,"Clin Infect Dis","Vahia AT, Chaudhry ZS, Kaljee L, Parraga-Acosta T, Gudipati S, Maki G, Tariq Z, Shallal A, Nauriyal V, Williams JD, Suleyman G, Abreu-Lanfranco O, Chen A, Yared N, Herc E, McKinnon JE, Brar I, Bhargava P, Zervos M, Ramesh M, Alangaden G.","TRUE","2021 TRUE"
"2161",32628748,"10.1093/cid/ciaa935",FALSE,TRUE,FALSE,"",FALSE,"",FALSE,"",FALSE,"",FALSE,"",TRUE,2021,"Clin Infect Dis","Nguyen LC, Bakerlee CW, McKelvey TG, Rose SM, Norman AJ, Joseph N, Manheim D, McLaren MR, Jiang S, Barnes CF, Kinniment M, Foster D, Darton TC, Morrison J.","TRUE","2021 TRUE"
"2164",32634826,"10.1093/cid/ciaa905",TRUE,FALSE,FALSE,"",FALSE,"",FALSE,"",FALSE,"",FALSE,"",TRUE,2021,"Clin Infect Dis","Zhou J, Otter JA, Price JR, Cimpeanu C, Meno Garcia D, Kinross J, Boshier PR, Mason S, Bolt F, Holmes AH, Barclay WS.","TRUE","2021 TRUE"
"2165",32634827,"10.1093/cid/ciaa924",TRUE,FALSE,FALSE,"",FALSE,"",FALSE,"",FALSE,"",FALSE,"",TRUE,2021,"Clin Infect Dis","Kragholm K, Andersen MP, Gerds TA, Butt JH, Østergaard L, Polcwiartek C, Phelps M, Andersson C, Gislason GH, Torp-Pedersen C, Køber L, Schou M, Fosbøl EL.","TRUE","2021 TRUE"
"2169",32640019,"10.1093/cid/ciaa945",TRUE,FALSE,FALSE,"",FALSE,"",FALSE,"",FALSE,"",FALSE,"",TRUE,2021,"Clin Infect Dis","Siedner MJ, Gandhi RT.","TRUE","2021 TRUE"
"2172",32642757,"10.1093/cid/ciaa941",TRUE,FALSE,FALSE,"",FALSE,"",FALSE,"",FALSE,"",FALSE,"",TRUE,2021,"Clin Infect Dis","Li Z, Li Y, Chen L, Li S, Yu L, Zhu A, Yang F, Jiang Q, Chen L, Zhao J, Lu W, Zhong N, Ye F.","TRUE","2021 TRUE"
"2173",32645144,"10.1093/cid/ciaa900",TRUE,FALSE,FALSE,"",FALSE,"",FALSE,"",FALSE,"",FALSE,"",TRUE,2021,"Clin Infect Dis","Cummings DAT, Radonovich LJ, Gorse GJ, Gaydos CA, Bessesen MT, Brown AC, Gibert CL, Hitchings MDT, Lessler J, Nyquist AC, Rattigan SM, Rodriguez-Barradas MC, Price CS, Reich NG, Simberkoff MS, Perl TM.","TRUE","2021 TRUE"
"2175",32649738,"10.1093/cid/ciaa963",TRUE,FALSE,FALSE,"",FALSE,"",FALSE,"",FALSE,"",FALSE,"",TRUE,2021,"Clin Infect Dis","Dong YM, Sun J, Li YX, Chen Q, Liu QQ, Sun Z, Pang R, Chen F, Xu BY, Manyande A, Clark TG, Li JP, Orhan IE, Tian YK, Wang T, Wu W, Ye DW.","TRUE","2021 TRUE"
"2176",32649739,"10.1093/cid/ciaa953",TRUE,FALSE,FALSE,"",FALSE,"",FALSE,"",FALSE,"",FALSE,"",TRUE,2021,"Clin Infect Dis","Wong YC, Lau SY, Wang To KK, Mok BWY, Li X, Wang P, Deng S, Woo KF, Du Z, Li C, Zhou J, Chan JFW, Yuen KY, Chen H, Chen Z.","TRUE","2021 TRUE"
"2177",32649743,"10.1093/cid/ciaa955",TRUE,FALSE,FALSE,"",FALSE,"",FALSE,"",FALSE,"",FALSE,"",TRUE,2021,"Clin Infect Dis","Torres JP, Piñera C, De La Maza V, Lagomarcino AJ, Simian D, Torres B, Urquidi C, Valenzuela MT, O'Ryan M.","TRUE","2021 TRUE"
"2181",32667967,"10.1093/cid/ciaa991",TRUE,FALSE,FALSE,"",FALSE,"",FALSE,"",FALSE,"",FALSE,"",TRUE,2021,"Clin Infect Dis","Goldberg SA, Lennerz J, Klompas M, Mark E, Pierce VM, Thompson RW, Pu CT, Ritterhouse LL, Dighe A, Rosenberg ES, Grabowski DC.","TRUE","2021 TRUE"
"2182",32667973,"10.1093/cid/ciaa995",TRUE,FALSE,FALSE,"",FALSE,"",FALSE,"",FALSE,"",FALSE,"",TRUE,2021,"Clin Infect Dis","Zhang AJ, Lee AC, Chu H, Chan JF, Fan Z, Li C, Liu F, Chen Y, Yuan S, Poon VK, Chan CC, Cai JP, Wu KL, Sridhar S, Chan YS, Yuen KY.","TRUE","2021 TRUE"
"2185",32671407,"10.1093/cid/ciaa992",TRUE,FALSE,FALSE,"",FALSE,"",FALSE,"",FALSE,"",FALSE,"",TRUE,2021,"Clin Infect Dis","Sing CW, Tan KCB, Wong ICK, Cheung BMY, Cheung CL.","TRUE","2021 TRUE"
"2186",32672789,"10.1093/cid/ciaa967",TRUE,FALSE,FALSE,"",FALSE,"",FALSE,"",FALSE,"",FALSE,"",TRUE,2021,"Clin Infect Dis","Wi YM, Lim SJ, Kim SH, Lim S, Lee SJ, Ryu BH, Hong SI, Cho OH, Moon K, Hong KW, Kim S, Bae IG.","TRUE","2021 TRUE"
"2187",32672790,"10.1093/cid/ciaa1007",TRUE,FALSE,FALSE,"",FALSE,"",FALSE,"",FALSE,"",FALSE,"",TRUE,2021,"Clin Infect Dis","Dupont V, Kanagaratnam L, Goury A, Poitevin G, Bard M, Julien G, Bonnivard M, Champenois V, Noel V, Mourvillier B, Nguyen P.","TRUE","2021 TRUE"
"2188",32674114,"10.1093/cid/ciaa1012",TRUE,FALSE,FALSE,"",FALSE,"",FALSE,"",FALSE,"",FALSE,"",TRUE,2021,"Clin Infect Dis","Kim L, Garg S, O'Halloran A, Whitaker M, Pham H, Anderson EJ, Armistead I, Bennett NM, Billing L, Como-Sabetti K, Hill M, Kim S, Monroe ML, Muse A, Reingold AL, Schaffner W, Sutton M, Talbot HK, Torres SM, Yousey-Hindes K, Holstein R, Cummings C, Brammer L, Hall AJ, Fry AM, Langley GE.","TRUE","2021 TRUE"
"2189",32674126,"10.1093/cid/ciaa1009",TRUE,FALSE,FALSE,"",FALSE,"",FALSE,"",FALSE,"",FALSE,"",TRUE,2021,"Clin Infect Dis","Mitjà O, Corbacho-Monné M, Ubals M, Tebé C, Peñafiel J, Tobias A, Ballana E, Alemany A, Riera-Martí N, Pérez CA, Suñer C, Laporte P, Admella P, Mitjà J, Clua M, Bertran L, Sarquella M, Gavilán S, Ara J, Argimon JM, Casabona J, Cuatrecasas G, Cañadas P, Elizalde-Torrent A, Fabregat R, Farré M, Forcada A, Flores-Mateo G, Muntada E, Nadal N, Narejos S, Nieto A, Prat N, Puig J, Quiñones C, Reyes-Ureña J, Ramírez-Viaplana F, Ruiz L, Riveira-Muñoz E, Sierra A, Velasco C, Vivanco-Hidalgo RM, Sentís A, G-Beiras C, Clotet B, Vall-Mayans M.","TRUE","2021 TRUE"
"2191",32687149,"10.1093/cid/ciaa1019",TRUE,FALSE,FALSE,"",FALSE,"",FALSE,"",FALSE,"",FALSE,"",TRUE,2021,"Clin Infect Dis","Larremore DB, Bubar KM, Grad YH.","TRUE","2021 TRUE"
"2192",32687150,"10.1093/cid/ciaa1020",TRUE,FALSE,FALSE,"",FALSE,"",FALSE,"",FALSE,"",FALSE,"",TRUE,2021,"Clin Infect Dis","Louie JK, Scott HM, DuBois A, Sturtz N, Lu W, Stoltey J, Masinde G, Cohen S, Sachdev D, Philip S, Bobba N, Aragon T; San Francisco Department of Public Health COVID-19 Skilled Nursing Facility Outbreak Response Team.","TRUE","2021 TRUE"
"2193",32687168,"10.1093/cid/ciaa1028",TRUE,FALSE,FALSE,"",FALSE,"",FALSE,"",FALSE,"",FALSE,"",TRUE,2021,"Clin Infect Dis","Erlichster M, Chana G, Zantomio D, Goudey B, Skafidas E.","TRUE","2021 TRUE"
"2194",32687198,"10.1093/cid/ciaa1021",TRUE,FALSE,FALSE,"",FALSE,"",FALSE,"",FALSE,"",FALSE,"",TRUE,2021,"Clin Infect Dis","Escobar DJ, Lanzi M, Saberi P, Love R, Linkin DR, Kelly JJ, Jhala D, Amorosa V, Hofmann M, Doyon JB.","TRUE","2021 TRUE"
"2199",32710613,"10.1093/cid/ciaa1042",TRUE,FALSE,FALSE,"",FALSE,"",FALSE,"",FALSE,"",FALSE,"",TRUE,2021,"Clin Infect Dis","Moraleda C, Serna-Pascual M, Soriano-Arandes A, Simó S, Epalza C, Santos M, Grasa C, Rodríguez M, Soto B, Gallego N, Ruiz Y, Urretavizcaya-Martínez M, Pareja M, Sanz-Santaeufemia FJ, Fumadó V, Lanaspa M, Jordan I, Prieto L, Belda S, Toral-Vázquez B, Rincón E, Gil-Villanueva N, Méndez-Echevarría A, Castillo-Serrano A, Rivière JG, Soler-Palacín P, Rojo P, Tagarro A; EPICO-AEP Working Group.","TRUE","2021 TRUE"
"2200",32710743,"10.1093/cid/ciaa1044",TRUE,FALSE,FALSE,"",FALSE,"",FALSE,"",FALSE,"",FALSE,"",TRUE,2021,"Clin Infect Dis","Poline J, Gaschignard J, Leblanc C, Madhi F, Foucaud E, Nattes E, Faye A, Bonacorsi S, Mariani P, Varon E, Smati-Lafarge M, Caseris M, Basmaci R, Lachaume N, Ouldali N.","TRUE","2021 TRUE"
"2201",32710746,"10.1093/cid/ciaa1043",TRUE,FALSE,FALSE,"",FALSE,"",FALSE,"",FALSE,"",FALSE,"",TRUE,2021,"Clin Infect Dis","Li J, Wu C, Zhang X, Chen L, Wang X, Guan X, Li J, Lin Z, Xiong N.","TRUE","2021 TRUE"
"2205",32717052,"10.1093/cid/ciaa1055",TRUE,FALSE,FALSE,"",FALSE,"",FALSE,"",FALSE,"",FALSE,"",TRUE,2021,"Clin Infect Dis","Del Brutto OH, Costa AF, Mera RM, Recalde BY, Bustos JA, García HH.","TRUE","2021 TRUE"
"2206",32717066,"10.1093/cid/ciaa1056",TRUE,FALSE,FALSE,"",FALSE,"",FALSE,"",FALSE,"",FALSE,"",TRUE,2021,"Clin Infect Dis","Jeong HE, Lee H, Shin HJ, Choe YJ, Filion KB, Shin JY.","TRUE","2021 TRUE"
"2207",32719848,"10.1093/cid/ciaa1065",TRUE,FALSE,FALSE,"",FALSE,"",FALSE,"",FALSE,"",FALSE,"",TRUE,2021,"Clin Infect Dis","Bartoletti M, Pascale R, Cricca M, Rinaldi M, Maccaro A, Bussini L, Fornaro G, Tonetti T, Pizzilli G, Francalanci E, Giuntoli L, Rubin A, Moroni A, Ambretti S, Trapani F, Vatamanu O, Ranieri VM, Castelli A, Baiocchi M, Lewis R, Giannella M, Viale P; PREDICO Study Group.","TRUE","2021 TRUE"
"2208",32719874,"10.1093/cid/ciaa1072",TRUE,FALSE,FALSE,"",FALSE,"",FALSE,"",FALSE,"",FALSE,"",TRUE,2021,"Clin Infect Dis","Yousaf AR, Duca LM, Chu V, Reses HE, Fajans M, Rabold EM, Laws RL, Gharpure R, Matanock A, Wadhwa A, Pomeroy M, Njuguna H, Fox G, Binder AM, Christiansen A, Freeman B, Gregory C, Tran CH, Owusu D, Ye D, Dietrich E, Pevzner E, Conners EE, Pray I, Rispens J, Vuong J, Christensen K, Banks M, O'Hegarty M, Mills L, Lester S, Thornburg NJ, Lewis N, Dawson P, Marcenac P, Salvatore P, Chancey RJ, Fields V, Buono S, Yin S, Gerber S, Kiphibane T, Dasu T, Bhattacharyya S, Westergaard R, Dunn A, Hall AJ, Fry AM, Tate JE, Kirking HL, Nabity S.","TRUE","2021 TRUE"
"2209",32720678,"10.1093/cid/ciaa1085",TRUE,FALSE,FALSE,"",FALSE,"",FALSE,"",FALSE,"",FALSE,"",TRUE,2021,"Clin Infect Dis","Xu D, Zhou F, Sun W, Chen L, Lan L, Li H, Xiao F, Li Y, Kolachalama VB, Li Y, Wang X, Xu H.","TRUE","2021 TRUE"
"2213",32726405,"10.1093/cid/ciaa1057",TRUE,FALSE,FALSE,"",FALSE,"",FALSE,"",FALSE,"",FALSE,"",TRUE,2021,"Clin Infect Dis","Hu M, Lin H, Wang J, Xu C, Tatem AJ, Meng B, Zhang X, Liu Y, Wang P, Wu G, Xie H, Lai S.","TRUE","2021 TRUE"
"2216",32744615,"10.1093/cid/ciaa1071",TRUE,FALSE,FALSE,"",FALSE,"",FALSE,"",FALSE,"",FALSE,"",TRUE,2021,"Clin Infect Dis","Imbert E, Kinley PM, Scarborough A, Cawley C, Sankaran M, Cox SN, Kushel M, Stoltey J, Cohen S, Fuchs JD.","TRUE","2021 TRUE"
"2219",32750119,"10.1093/cid/ciaa1150",TRUE,FALSE,FALSE,"",FALSE,"",FALSE,"",FALSE,"",FALSE,"",TRUE,2021,"Clin Infect Dis","Zhao J, Yang Y, Huang H, Li D, Gu D, Lu X, Zhang Z, Liu L, Liu T, Liu Y, He Y, Sun B, Wei M, Yang G, Wang X, Zhang L, Zhou X, Xing M, Wang PG.","TRUE","2021 TRUE"
"2223",32756996,"10.1093/cid/ciaa1119",TRUE,FALSE,FALSE,"",FALSE,"",FALSE,"",FALSE,"",FALSE,"",TRUE,2021,"Clin Infect Dis","To KK, Chan WM, Ip JD, Chu AW, Tam AR, Liu R, Wu AK, Lung KC, Tsang OT, Lau DP, To WK, Kwan MY, Yau YS, Ng AC, Yip CC, Chan KH, Tse H, Hung IF, Yuen KY.","TRUE","2021 TRUE"
"2227",32761209,"10.1093/infdis/jiaa477",TRUE,FALSE,FALSE,"",FALSE,"",FALSE,"",FALSE,"",FALSE,"",TRUE,2021,"J Infect Dis","Gilca R, Carazo S, Amini R, Charest H, De Serres G.","TRUE","2021 TRUE"
"2228",32761228,"10.1093/cid/ciaa1157",TRUE,FALSE,FALSE,"",FALSE,"",FALSE,"",FALSE,"",FALSE,"",TRUE,2021,"Clin Infect Dis","Baggio S, L'Huillier AG, Yerly S, Bellon M, Wagner N, Rohr M, Huttner A, Blanchard-Rohner G, Loevy N, Kaiser L, Jacquerioz F, Eckerle I.","TRUE","2021 TRUE"
"2230",32766815,"10.1093/cid/ciaa1097",TRUE,FALSE,FALSE,"",FALSE,"",FALSE,"",FALSE,"",FALSE,"",TRUE,2021,"Clin Infect Dis","Kates OS, Haydel BM, Florman SS, Rana MM, Chaudhry ZS, Ramesh MS, Safa K, Kotton CN, Blumberg EA, Besharatian BD, Tanna SD, Ison MG, Malinis M, Azar MM, Rakita RM, Morilla JA, Majeed A, Sait AS, Spaggiari M, Hemmige V, Mehta SA, Neumann H, Badami A, Goldman JD, Lala A, Hemmersbach-Miller M, McCort ME, Bajrovic V, Ortiz-Bautista C, Friedman-Moraco R, Sehgal S, Lease ED, Fisher CE, Limaye AP; UW COVID-19 SOT Study Team.","TRUE","2021 TRUE"
"2233",32766824,"10.1093/cid/ciaa1095",FALSE,TRUE,FALSE,"",FALSE,"",FALSE,"",FALSE,"",FALSE,"",TRUE,2021,"Clin Infect Dis","Wald ER, Schmit KM, Gusland DY.","TRUE","2021 TRUE"
"2236",32770235,"10.1093/cid/ciaa1165",TRUE,FALSE,FALSE,"",FALSE,"",FALSE,"",FALSE,"",FALSE,"",TRUE,2021,"Clin Infect Dis","Bellon M, Schweblin C, Lambeng N, Cherpillod P, Vazquez J, Lalive PH, Schibler M, Deffert C.","TRUE","2021 TRUE"
"2238",32772069,"10.1093/cid/ciaa1163",TRUE,FALSE,FALSE,"",FALSE,"",FALSE,"",FALSE,"",FALSE,"",TRUE,2021,"Clin Infect Dis","Nelson BC, Laracy J, Shoucri S, Dietz D, Zucker J, Patel N, Sobieszczyk ME, Kubin CJ, Gomez-Simmonds A.","TRUE","2021 TRUE"
"2246",32785683,"10.1093/cid/ciaa1180",TRUE,FALSE,FALSE,"",FALSE,"",FALSE,"",FALSE,"",FALSE,"",TRUE,2021,"Clin Infect Dis","Plucinski MM, Wallace M, Uehara A, Kurbatova EV, Tobolowsky FA, Schneider ZD, Ishizumi A, Bozio CH, Kobayashi M, Toda M, Stewart A, Wagner RL, Moriarty LF, Murray R, Queen K, Tao Y, Paden C, Mauldin MR, Zhang J, Li Y, Elkins CA, Lu X, Herzig CTA, Novak R, Bower W, Medley AM, Acosta AM, Knust B, Cantey PT, Pesik NT, Halsey ES, Cetron MS, Tong S, Marston BJ, Friedman CR.","TRUE","2021 TRUE"
"2249",32785710,"10.1093/cid/ciaa1177",TRUE,FALSE,FALSE,"",FALSE,"",FALSE,"",FALSE,"",FALSE,"",TRUE,2021,"Clin Infect Dis","Jeronimo CMP, Farias MEL, Val FFA, Sampaio VS, Alexandre MAA, Melo GC, Safe IP, Borba MGS, Netto RLA, Maciel ABS, Neto JRS, Oliveira LB, Figueiredo EFG, Oliveira Dinelly KM, de Almeida Rodrigues MG, Brito M, Mourão MPG, Pivoto João GA, Hajjar LA, Bassat Q, Romero GAS, Naveca FG, Vasconcelos HL, de Araújo Tavares M, Brito-Sousa JD, Costa FTM, Nogueira ML, Baía-da-Silva DC, Xavier MS, Monteiro WM, Lacerda MVG; Metcovid Team.","TRUE","2021 TRUE"
"2250",32797228,"10.1093/cid/ciaa1207",TRUE,FALSE,FALSE,"",FALSE,"",FALSE,"",FALSE,"",FALSE,"",TRUE,2021,"Clin Infect Dis","Lustig Y, Keler S, Kolodny R, Ben-Tal N, Atias-Varon D, Shlush E, Gerlic M, Munitz A, Doolman R, Asraf K, Shlush LI, Vivante A.","TRUE","2021 TRUE"
"2251",32803216,"10.1093/cid/ciaa1186",TRUE,FALSE,FALSE,"",FALSE,"",FALSE,"",FALSE,"",FALSE,"",TRUE,2021,"Clin Infect Dis","Huang J, Xie N, Hu X, Yan H, Ding J, Liu P, Ma H, Ruan L, Li G, He N, Wei S, Wang X.","TRUE","2021 TRUE"
"2252",32803231,"10.1093/cid/ciaa1196",TRUE,FALSE,FALSE,"",FALSE,"",FALSE,"",FALSE,"",FALSE,"",TRUE,2021,"Clin Infect Dis","Veyer D, Kernéis S, Poulet G, Wack M, Robillard N, Taly V, L'Honneur AS, Rozenberg F, Laurent-Puig P, Bélec L, Hadjadj J, Terrier B, Péré H.","TRUE","2021 TRUE"
"2254",32803237,"10.1093/cid/ciaa1200",TRUE,FALSE,FALSE,"",FALSE,"",FALSE,"",FALSE,"",FALSE,"",TRUE,2021,"Clin Infect Dis","Hartmann S, Rubin Z, Sato H, O Yong K, Terashita D, Balter S.","TRUE","2021 TRUE"
"2262",32821935,"10.1093/cid/ciaa1234",TRUE,FALSE,FALSE,"",FALSE,"",FALSE,"",FALSE,"",FALSE,"",TRUE,2021,"Clin Infect Dis","Chamie G, Marquez C, Crawford E, Peng J, Petersen M, Schwab D, Schwab J, Martinez J, Jones D, Black D, Gandhi M, Kerkhoff AD, Jain V, Sergi F, Jacobo J, Rojas S, Tulier-Laiwa V, Gallardo-Brown T, Appa A, Chiu C, Rodgers M, Hackett J; CLIAhub Consortium, Kistler A, Hao S, Kamm J, Dynerman D, Batson J, Greenhouse B, DeRisi J, Havlir DV.","TRUE","2021 TRUE"
"2266",32829400,"10.1093/cid/ciaa1223",TRUE,FALSE,FALSE,"",FALSE,"",FALSE,"",FALSE,"",FALSE,"",TRUE,2021,"Clin Infect Dis","de Chaisemartin C, de Chaisemartin L.","TRUE","2021 TRUE"
"2269",32840287,"10.1093/cid/ciaa1247",TRUE,FALSE,FALSE,"",FALSE,"",FALSE,"",FALSE,"",FALSE,"",TRUE,2021,"Clin Infect Dis","Ren L, Fan G, Wu W, Guo L, Wang Y, Li X, Wang C, Gu X, Li C, Wang Y, Wang G, Zhou F, Liu Z, Ge Q, Zhang Y, Li H, Zhang L, Xu J, Wang C, Wang J, Cao B.","TRUE","2021 TRUE"
"2270",32840571,"10.1093/cid/ciaa1246",TRUE,FALSE,FALSE,"",FALSE,"",FALSE,"",FALSE,"",FALSE,"",TRUE,2021,"Clin Infect Dis","Busani S, Bedini A, Biagioni E, Serio L, Tonelli R, Meschiari M, Franceschini E, Guaraldi G, Cossarizza A, Clini E, Maiorana A, Gennari W, De Maria N, Luppi M, Mussini C, Girardis M; Modena Covid-19 Working Group (MoCo19).","TRUE","2021 TRUE"
"2271",32840608,"10.1093/cid/ciaa1275",TRUE,FALSE,FALSE,"",FALSE,"",FALSE,"",FALSE,"",FALSE,"",TRUE,2021,"Clin Infect Dis","To KK, Hung IF, Ip JD, Chu AW, Chan WM, Tam AR, Fong CH, Yuan S, Tsoi HW, Ng AC, Lee LL, Wan P, Tso EY, To WK, Tsang DN, Chan KH, Huang JD, Kok KH, Cheng VC, Yuen KY.","TRUE","2021 TRUE"
"2273",32841316,"10.1093/cid/ciaa1256",TRUE,FALSE,FALSE,"",FALSE,"",FALSE,"",FALSE,"",FALSE,"",TRUE,2021,"Clin Infect Dis","Marriott D, Beresford R, Mirdad F, Stark D, Glanville A, Chapman S, Harkness J, Dore GJ, Andresen D, Matthews GV.","TRUE","2021 TRUE"
"2274",32841322,"10.1093/cid/ciaa1257",TRUE,FALSE,FALSE,"",FALSE,"",FALSE,"",FALSE,"",FALSE,"",TRUE,2021,"Clin Infect Dis","Jung CY, Park H, Kim DW, Lim H, Chang JH, Choi YJ, Kim SW, Chang TI.","TRUE","2021 TRUE"
"2275",32852539,"10.1093/cid/ciaa1258",TRUE,FALSE,FALSE,"",FALSE,"",FALSE,"",FALSE,"",FALSE,"",TRUE,2021,"Clin Infect Dis","Dofferhoff ASM, Piscaer I, Schurgers LJ, Visser MPJ, van den Ouweland JMW, de Jong PA, Gosens R, Hackeng TM, van Daal H, Lux P, Maassen C, Karssemeijer EGA, Vermeer C, Wouters EFM, Kistemaker LEM, Walk J, Janssen R.","TRUE","2021 TRUE"
"2276",32856034,"10.1093/cid/ciaa1268",TRUE,FALSE,FALSE,"",FALSE,"",FALSE,"",FALSE,"",FALSE,"",TRUE,2021,"Clin Infect Dis","Fried MW, Crawford JM, Mospan AR, Watkins SE, Munoz B, Zink RC, Elliott S, Burleson K, Landis C, Reddy KR, Brown RS.","TRUE","2021 TRUE"
"2280",32856692,"10.1093/cid/ciaa1269",TRUE,FALSE,FALSE,"",FALSE,"",FALSE,"",FALSE,"",FALSE,"",TRUE,2021,"Clin Infect Dis","Baker MA, Fiumara K, Rhee C, Williams SA, Tucker R, Wickner P, Resnick A, Klompas M.","TRUE","2021 TRUE"
"2282",32856707,"10.1093/cid/ciaa1280",TRUE,FALSE,FALSE,"",FALSE,"",FALSE,"",FALSE,"",FALSE,"",TRUE,2021,"Clin Infect Dis","Young BE, Ong SWX, Ng LFP, Anderson DE, Chia WN, Chia PY, Ang LW, Mak TM, Kalimuddin S, Chai LYA, Pada S, Tan SY, Sun L, Parthasarathy P, Fong SW, Chan YH, Tan CW, Lee B, Rötzschke O, Ding Y, Tambyah P, Low JGH, Cui L, Barkham T, Lin RTP, Leo YS, Renia L, Wang LF, Lye DC; Singapore 2019 Novel Coronavirus Outbreak Research Team.","TRUE","2021 TRUE"
"2283",32857829,"10.1093/cid/ciaa1288",TRUE,FALSE,FALSE,"",FALSE,"",FALSE,"",FALSE,"",FALSE,"",TRUE,2021,"Clin Infect Dis","Bello-Chavolla OY, Antonio-Villa NE, Vargas-Vázquez A, Fermín-Martínez CA, Márquez-Salinas A, Bahena-López JP.","TRUE","2021 TRUE"
"2284",32857830,"10.1093/cid/ciaa1286",TRUE,FALSE,FALSE,"",FALSE,"",FALSE,"",FALSE,"",FALSE,"",TRUE,2021,"Clin Infect Dis","Dora AV, Winnett A, Fulcher JA, Sohn L, Calub F, Lee-Chang I, Ghadishah E, Schwartzman WA, Beenhouwer DO, Vallone J, Graber CJ, Goetz MB, Bhattacharya D.","TRUE","2021 TRUE"
"2285",32857833,"10.1093/cid/ciaa1283",TRUE,FALSE,FALSE,"",FALSE,"",FALSE,"",FALSE,"",FALSE,"",TRUE,2021,"Clin Infect Dis","Ma J, Qi X, Chen H, Li X, Zhang Z, Wang H, Sun L, Zhang L, Guo J, Morawska L, Grinshpun SA, Biswas P, Flagan RC, Yao M.","TRUE","2021 TRUE"
"2286",32857836,"10.1093/cid/ciaa1290",FALSE,TRUE,FALSE,NA,FALSE,NA,FALSE,"",FALSE,"",FALSE,"",TRUE,2021,"Clin Infect Dis","Levine MM, Abdullah S, Arabi YM, Darko DM, Durbin AP, Estrada V, Jamrozik E, Kremsner PG, Lagos R, Pitisuttithum P, Plotkin SA, Sauerwein R, Shi SL, Sommerfelt H, Subbarao K, Treanor JJ, Vrati S, King D, Balasingam S, Weller C, Aguilar AO, Cassetti MC, Krause PR, Restrepo AMH.","TRUE","2021 TRUE"
"2287",32857838,"10.1093/cid/ciaa1289",TRUE,FALSE,FALSE,"",FALSE,"",FALSE,"",FALSE,"",FALSE,"",TRUE,2021,"Clin Infect Dis","Liu Q, Lu P, Shen Y, Li C, Wang J, Zhu L, Lu W, Martinez L.","TRUE","2021 TRUE"
"2288",32860509,"10.1093/infdis/jiaa553",TRUE,FALSE,FALSE,"",FALSE,"",FALSE,"",FALSE,"",FALSE,"",TRUE,2021,"J Infect Dis","Piñana JL, Xhaard A, Tridello G, Passweg J, Kozijn A, Polverelli N, Heras I, Perez A, Sanz J, Berghuis D, Vázquez L, Suárez-Lledó M, Itäla-Remes M, Ozcelik T, Iturrate Basarán I, Karakukcu M, Al Zahrani M, Choi G, Cuesta Casas MA, Batlle Massana M, Viviana A, Blijlevens N, Ganser A, Kuskonmaz B, Labussière-Wallet H, Shaw PJ, Yegin ZA, González-Vicent M, Rocha V, Ferster A, Knelange N, Navarro D, Mikulska M, de la Camara R, Styczynski J.","TRUE","2021 TRUE"
"2289",32860682,"10.1093/cid/ciaa1298",TRUE,FALSE,FALSE,"",FALSE,"",FALSE,"",FALSE,"",FALSE,"",TRUE,2021,"Clin Infect Dis","White PL, Dhillon R, Cordey A, Hughes H, Faggian F, Soni S, Pandey M, Whitaker H, May A, Morgan M, Wise MP, Healy B, Blyth I, Price JS, Vale L, Posso R, Kronda J, Blackwood A, Rafferty H, Moffitt A, Tsitsopoulou A, Gaur S, Holmes T, Backx M.","TRUE","2021 TRUE"
"2294",32865204,"10.1093/cid/ciaa1301",FALSE,TRUE,FALSE,"",FALSE,"",FALSE,"",FALSE,"",FALSE,"",TRUE,2021,"Clin Infect Dis","Dzinamarira T, Mukwenha S, Eghtessadi R, Cuadros DF, Mhlanga G, Musuka G.","TRUE","2021 TRUE"
"2295",32877508,"10.1093/cid/ciaa1311",TRUE,FALSE,FALSE,"",FALSE,"",FALSE,"",FALSE,"",FALSE,"",TRUE,2021,"Clin Infect Dis","Sharma M, Creutzfeldt CJ, Lewis A, Patel PV, Hartog C, Jannotta GE, Blissitt P, Kross EK, Kassebaum N, Greer DM, Curtis JR, Wahlster S.","TRUE","2021 TRUE"
"2297",32877923,"10.1093/cid/ciaa1312",TRUE,FALSE,FALSE,"",FALSE,"",FALSE,"",FALSE,"",FALSE,"",TRUE,2021,"Clin Infect Dis","Brouwer AF, Myers JL, Martin ET, Konopka KE, Lauring AS, Eisenberg MC, Lephart PR, Nguyen T, Jaworski A, Schmidt CJ.","TRUE","2021 TRUE"
"2299",32887980,"10.1093/cid/ciaa1327",FALSE,TRUE,FALSE,"",FALSE,"",FALSE,"",FALSE,"",FALSE,"",TRUE,2021,"Clin Infect Dis","Riley ED, Hickey MD, Imbert E, Clemenzi-Allen AA, Gandhi M.","TRUE","2021 TRUE"
"2300",32888003,"10.1093/cid/ciaa1338",TRUE,FALSE,FALSE,"",FALSE,"",FALSE,"",FALSE,"",FALSE,"",TRUE,2021,"Clin Infect Dis","Prebensen C, Myhre PL, Jonassen C, Rangberg A, Blomfeldt A, Svensson M, Omland T, Berdal JE.","TRUE","2021 TRUE"
"2301",32888007,"10.1093/cid/ciaa1328",TRUE,FALSE,FALSE,"",FALSE,"",FALSE,"",FALSE,"",FALSE,"",TRUE,2021,"Clin Infect Dis","Nolen LD, Seeman S, Bruden D, Klejka J, Desnoyers C, Tiesinga J, Singleton R.","TRUE","2021 TRUE"
"2302",32889532,"10.1093/infdis/jiaa565",TRUE,FALSE,FALSE,"",FALSE,"",FALSE,"",FALSE,"",FALSE,"",TRUE,2021,"J Infect Dis","Marossy A, Rakowicz S, Bhan A, Noon S, Rees A, Virk M, Nazafi A, Hay E, de Thomasson L, Windle C, Zuckerman M.","TRUE","2021 TRUE"
"2309",32898272,"10.1093/cid/ciaa1340",TRUE,FALSE,FALSE,"",FALSE,"",FALSE,"",FALSE,"",FALSE,"",TRUE,2021,"Clin Infect Dis","Yoon JC, Montgomery MP, Buff AM, Boyd AT, Jamison C, Hernandez A, Schmit K, Shah S, Ajoku S, Holland DP, Prieto J, Smith S, Swancutt MA, Turner K, Andrews T, Flowers K, Wells A, Marchman C, Laney E, Bixler D, Cavanaugh S, Flowers N, Gaffga N, Ko JY, Paulin HN, Weng MK, Mosites E, Morris SB.","TRUE","2021 TRUE"
"2310",32901247,"10.1093/cid/ciaa1358",TRUE,FALSE,FALSE,"",FALSE,"",FALSE,"",FALSE,"",FALSE,"",TRUE,2021,"Clin Infect Dis","Walker J, Fleece ME, Griffin RL, Leal SM, Alsip JA, Stigler WS, Nafziger SD, Marrazzo JM, Lee RA.","TRUE","2021 TRUE"
"2313",32905581,"10.1093/cid/ciaa1339",TRUE,FALSE,FALSE,"",FALSE,"",FALSE,"",FALSE,"",FALSE,"",TRUE,2021,"Clin Infect Dis","Dandachi D, Geiger G, Montgomery MW, Karmen-Tuohy S, Golzy M, Antar AAR, Llibre JM, Camazine M, Díaz-De Santiago A, Carlucci PM, Zacharioudakis IM, Rahimian J, Wanjalla CN, Slim J, Arinze F, Kratz AMP, Jones JL, Patel SM, Kitchell E, Francis A, Ray M, Koren DE, Baddley JW, Hill B, Sax PE, Chow J.","TRUE","2021 TRUE"
"2316",32910817,"10.1093/cid/ciaa1366",TRUE,FALSE,FALSE,"",FALSE,"",FALSE,"",FALSE,"",FALSE,"",TRUE,2021,"Clin Infect Dis","Decker SJ, Goldstein TA, Ford JM, Teng MN, Pugliese RS, Berry GJ, Pettengill M, Silbert S, Hazelton TR, Wilson JW, Shine K, Wang ZX, Hutchinson M, Castagnaro J, Bloom OE, Breining DA, Goldsmith BM, Sinnott JT, O'Donnell DG, Crawford JM, Lockwood CJ, Kim K.","TRUE","2021 TRUE"
"2317",32918071,"10.1093/cid/ciaa1374",TRUE,FALSE,FALSE,"",FALSE,"",FALSE,"",FALSE,"",FALSE,"",TRUE,2021,"Clin Infect Dis","Mourad A, Turner NA, Baker AW, Okeke NL, Narayanasamy S, Rolfe R, Engemann JJ, Cox GM, Stout JE.","TRUE","2021 TRUE"
"2320",32927479,"10.1093/cid/ciaa1385",TRUE,FALSE,FALSE,"",FALSE,"",FALSE,"",FALSE,"",FALSE,"",TRUE,2021,"Clin Infect Dis","Whyler NCA, Sherry NL, Lane CR, Seemann T, Andersson P, Sait M, Graham M, Korman TM, Howden BP, Stuart RL.","TRUE","2021 TRUE"
"2321",32927483,"10.1093/cid/ciaa1389",TRUE,FALSE,FALSE,"",FALSE,"",FALSE,"",FALSE,"",FALSE,"",TRUE,2021,"Clin Infect Dis","Luo YR, Chakraborty I, Yun C, Wu AHB, Lynch KL.","TRUE","2021 TRUE"
"2324",32940646,"10.1093/cid/ciaa1408",TRUE,FALSE,FALSE,"",FALSE,"",FALSE,"",FALSE,"",FALSE,"",TRUE,2021,"Clin Infect Dis","Brahier T, Meuwly JY, Pantet O, Brochu Vez MJ, Gerhard Donnet H, Hartley MA, Hugli O, Boillat-Blanco N.","TRUE","2021 TRUE"
"2327",32945338,"10.1093/cid/ciaa1241",TRUE,FALSE,FALSE,"",FALSE,"",FALSE,"",FALSE,"",FALSE,"",TRUE,2021,"Clin Infect Dis","Bahl P, de Silva C, Bhattacharjee S, Stone H, Doolan C, Chughtai AA, MacIntyre CR.","TRUE","2021 TRUE"
"2329",32945846,"10.1093/cid/ciaa1419",TRUE,FALSE,FALSE,"",FALSE,"",FALSE,"",FALSE,"",FALSE,"",TRUE,2021,"Clin Infect Dis","Ko JY, Danielson ML, Town M, Derado G, Greenlund KJ, Kirley PD, Alden NB, Yousey-Hindes K, Anderson EJ, Ryan PA, Kim S, Lynfield R, Torres SM, Barney GR, Bennett NM, Sutton M, Talbot HK, Hill M, Hall AJ, Fry AM, Garg S, Kim L; COVID-NET Surveillance Team.","TRUE","2021 TRUE"
"2330",32945856,"10.1093/cid/ciaa1420",TRUE,FALSE,FALSE,"",FALSE,"",FALSE,"",FALSE,"",FALSE,"",TRUE,2021,"Clin Infect Dis","Miller J, Fadel RA, Tang A, Perrotta G, Herc E, Soman S, Nair S, Hanna Z, Zervos MJ, Alangaden G, Brar I, Suleyman G.","TRUE","2021 TRUE"
"2332",32948868,"10.1093/cid/ciaa1422",TRUE,FALSE,FALSE,"",FALSE,"",FALSE,"",FALSE,"",FALSE,"",TRUE,2021,"Clin Infect Dis","Roldán-Santiago E, Benito-Berlinches A, Martínez-García L, Quereda C, Rodríguez-Martín E, Pérez-Elías P, López-Pintor JM, Walo-Delgado PE, Moreno-Zamora A, Fernández-Velasco JI, García-Abellás P, Ballester-González R, Villar LM, Pérez-Elías MJ.","TRUE","2021 TRUE"
"2333",32954414,"10.1093/cid/ciaa1433",TRUE,FALSE,FALSE,"",FALSE,"",FALSE,"",FALSE,"",FALSE,"",TRUE,2021,"Clin Infect Dis","Lucey M, Macori G, Mullane N, Sutton-Fitzpatrick U, Gonzalez G, Coughlan S, Purcell A, Fenelon L, Fanning S, Schaffer K.","TRUE","2021 TRUE"
"2334",32955081,"10.1093/cid/ciaa1417",TRUE,FALSE,FALSE,"",FALSE,"",FALSE,"",FALSE,"",FALSE,"",TRUE,2021,"Clin Infect Dis","Wang M, Zhao Y, Hu W, Zhao D, Zhang Y, Wang T, Zheng Z, Li X, Zeng S, Liu Z, Lu L, Wan Z, Hu K.","TRUE","2021 TRUE"
"2336",32964913,"10.1093/cid/ciaa1445",TRUE,FALSE,FALSE,"",FALSE,"",FALSE,"",FALSE,"",FALSE,"",TRUE,2021,"Clin Infect Dis","Malgie J, Schoones JW, Pijls BG.","TRUE","2021 TRUE"
"2337",32964918,"10.1093/cid/ciaa1443",TRUE,FALSE,FALSE,"",FALSE,"",FALSE,"",FALSE,"",FALSE,"",TRUE,2021,"Clin Infect Dis","de Alencar JCG, Moreira CL, Müller AD, Chaves CE, Fukuhara MA, da Silva EA, Miyamoto MFS, Pinto VB, Bueno CG, Lazar Neto F, Gomez Gomez LM, Menezes MCS, Marchini JFM, Marino LO, Brandão Neto RA, Souza HP; COVID Register Group.","TRUE","2021 TRUE"
"2341",32966566,"10.1093/cid/ciaa1368",TRUE,FALSE,FALSE,"",FALSE,"",FALSE,"",FALSE,"",FALSE,"",TRUE,2021,"Clin Infect Dis","To KK, Hung IF, Chan KH, Yuan S, To WK, Tsang DN, Cheng VC, Chen Z, Kok KH, Yuen KY.","TRUE","2021 TRUE"
"2345",32971532,"10.1093/cid/ciaa1459",TRUE,FALSE,FALSE,"",FALSE,"",FALSE,"",FALSE,"",FALSE,"",TRUE,2021,"Clin Infect Dis","Jackson BR, Gold JAW, Natarajan P, Rossow J, Neblett Fanfair R, da Silva J, Wong KK, Browning SD, Bamrah Morris S, Rogers-Brown J, Hernandez-Romieu AC, Szablewski CM, Oosmanally N, Tobin-D'Angelo M, Drenzek C, Murphy DJ, Hollberg J, Blum JM, Jansen R, Wright DW, Sewell WM, Owens JD, Lefkove B, Brown FW, Burton DC, Uyeki TM, Bialek SR, Patel PR, Bruce BB.","TRUE","2021 TRUE"
"2346",32976596,"10.1093/cid/ciaa1388",TRUE,FALSE,FALSE,"",FALSE,"",FALSE,"",FALSE,"",FALSE,"",TRUE,2021,"Clin Infect Dis","Yokota I, Shane PY, Okada K, Unoki Y, Yang Y, Inao T, Sakamaki K, Iwasaki S, Hayasaka K, Sugita J, Nishida M, Fujisawa S, Teshima T.","TRUE","2021 TRUE"
"2353",32985664,"10.1093/cid/ciaa1463",TRUE,FALSE,FALSE,"",FALSE,"",FALSE,"",FALSE,"",FALSE,"",TRUE,2021,"Clin Infect Dis","Clark KEN, Nevin WD, Mahungu T, Lachmann H, Singh A.","TRUE","2021 TRUE"
"2354",32985671,"10.1093/cid/ciaa1467",TRUE,FALSE,FALSE,"",FALSE,"",FALSE,"",FALSE,"",FALSE,"",TRUE,2021,"Clin Infect Dis","Kanamori H, Weber DJ, Rutala WA.","TRUE","2021 TRUE"
"2355",32986102,"10.1093/cid/ciaa1468",TRUE,FALSE,FALSE,"",FALSE,"",FALSE,"",FALSE,"",FALSE,"",TRUE,2021,"Clin Infect Dis","Bhargava A, Sharma M, Riederer K, Fukushima EA, Szpunar SM, Saravolatz L.","TRUE","2021 TRUE"
"2356",32986118,"10.1093/cid/ciaa1465",TRUE,FALSE,FALSE,"",FALSE,"",FALSE,"",FALSE,"",FALSE,"",TRUE,2021,"Clin Infect Dis","Guerrero-Torres L, Caro-Vega Y, Crabtree-Ramírez B, Sierra-Madero JG.","TRUE","2021 TRUE"
"2357",32986120,"10.1093/cid/ciaa1469",TRUE,FALSE,FALSE,"",FALSE,"",FALSE,"",FALSE,"",FALSE,"",TRUE,2021,"Clin Infect Dis","Salvatore PP, Dawson P, Wadhwa A, Rabold EM, Buono S, Dietrich EA, Reses HE, Vuong J, Pawloski L, Dasu T, Bhattacharyya S, Pevzner E, Hall AJ, Tate JE, Kirking HL.","TRUE","2021 TRUE"
"2360",32986804,"10.1093/cid/ciaa1475",TRUE,FALSE,FALSE,"",FALSE,"",FALSE,"",FALSE,"",FALSE,"",TRUE,2021,"Clin Infect Dis","Yeoh DK, Foley DA, Minney-Smith CA, Martin AC, Mace AO, Sikazwe CT, Le H, Levy A, Blyth CC, Moore HC.","TRUE","2021 TRUE"
"2361",32986807,"10.1093/cid/ciaa1474",TRUE,FALSE,FALSE,"",FALSE,"",FALSE,"",FALSE,"",FALSE,"",TRUE,2021,"Clin Infect Dis","Martinot M, Jary A, Fafi-Kremer S, Leducq V, Delagreverie H, Garnier M, Pacanowski J, Mékinian A, Pirenne F, Tiberghien P, Calvez V, Humbrecht C, Marcelin AG, Lacombe K.","TRUE","2021 TRUE"
"2362",32986818,"10.1093/cid/ciaa1458",TRUE,FALSE,FALSE,"",FALSE,"",FALSE,"",FALSE,"",FALSE,"",TRUE,2021,"Clin Infect Dis","Friedrich F, Ongaratto R, Scotta MC, Veras TN, Stein RT, Lumertz MS, Jones MH, Comaru T, Pinto LA.","TRUE","2021 TRUE"
"2363",32986819,"10.1093/cid/ciaa1487",TRUE,FALSE,FALSE,"",FALSE,"",FALSE,"",FALSE,"",FALSE,"",TRUE,2021,"Clin Infect Dis","Antonio-Villa NE, Bello-Chavolla OY, Vargas-Vázquez A, Fermín-Martínez CA, Márquez-Salinas A, Pisanty-Alatorre J, Bahena-López JP.","TRUE","2021 TRUE"
"2364",32986824,"10.1093/infdis/jiaa609",TRUE,FALSE,FALSE,"",FALSE,"",FALSE,"",FALSE,"",FALSE,"",TRUE,2021,"J Infect Dis","Pilotto A, Masciocchi S, Volonghi I, Crabbio M, Magni E, De Giuli V, Caprioli F, Rifino N, Sessa M, Gennuso M, Cotelli MS, Turla M, Balducci U, Mariotto S, Ferrari S, Ciccone A, Fiacco F, Imarisio A, Risi B, Benussi A, Premi E, Focà E, Caccuri F, Leonardi M, Gasparotti R, Castelli F, Zanusso G, Pezzini A, Padovani A; SARS-CoV-2 related encephalopaties (ENCOVID) Study Group.","TRUE","2021 TRUE"
"2369",32997739,"10.1093/cid/ciaa1496",TRUE,FALSE,FALSE,"",FALSE,"",FALSE,"",FALSE,"",FALSE,"",TRUE,2021,"Clin Infect Dis","Hasan Ali O, Bomze D, Risch L, Brugger SD, Paprotny M, Weber M, Thiel S, Kern L, Albrich WC, Kohler P, Kahlert CR, Vernazza P, Bühler PK, Schüpbach RA, Gómez-Mejia A, Popa AM, Bergthaler A, Penninger JM, Flatz L.","TRUE","2021 TRUE"
"2389",33015715,"10.1093/cid/ciaa1248",TRUE,FALSE,FALSE,"",FALSE,"",FALSE,"",FALSE,"",FALSE,"",TRUE,2021,"Clin Infect Dis","Lesho E, Reno L, Newhart D, Clifford R, Vasylyeva O, Hanna J, Yu S, Bress J, Walsh E.","TRUE","2021 TRUE"
"2394",33029620,"10.1093/cid/ciaa1249",FALSE,TRUE,FALSE,"",FALSE,"",FALSE,"",FALSE,"",FALSE,"",TRUE,2021,"Clin Infect Dis","Rhee C, Kanjilal S, Baker M, Klompas M.","TRUE","2021 TRUE"
"2399",33033829,"10.1093/cid/ciaa1525",TRUE,FALSE,FALSE,"",FALSE,"",FALSE,"",FALSE,"",FALSE,"",TRUE,2021,"Clin Infect Dis","Wood BR, Young JD, Abdel-Massih RC, McCurdy L, Vento TJ, Dhanireddy S, Moyer KJ, Siddiqui J, Scott JD.","TRUE","2021 TRUE"
"2402",33035296,"10.1093/cid/ciaa1532",TRUE,FALSE,FALSE,"",FALSE,"",FALSE,"",FALSE,"",FALSE,"",TRUE,2021,"Clin Infect Dis","Armstrong WS, Agwu AL, Barrette EP, Ignacio RB, Chang JJ, Colasanti JA, Floris-Moore M, Haddad M, MacLaren L, Weddle A.","TRUE","2021 TRUE"
"2404",33035307,"10.1093/cid/ciaa1535",TRUE,FALSE,FALSE,"",FALSE,"",FALSE,"",FALSE,"",FALSE,"",TRUE,2021,"Clin Infect Dis","Munblit D, Nekliudov NA, Bugaeva P, Blyuss O, Kislova M, Listovskaya E, Gamirova A, Shikhaleva A, Belyaev V, Timashev P, Warner JO, Comberiati P, Apfelbacher C, Bezrukov E, Politov ME, Yavorovskiy A, Bulanova E, Tsareva N, Avdeev S, Kapustina VA, Pigolkin YI, Dankwa EA, Kartsonaki C, Pritchard MG, Fomin V, Svistunov AA, Butnaru D, Glybochko P; Sechenov StopCOVID Research Team.","TRUE","2021 TRUE"
"2409",33038215,"10.1093/cid/ciaa1549",TRUE,FALSE,FALSE,"",FALSE,"",FALSE,"",FALSE,"",FALSE,"",TRUE,2021,"Clin Infect Dis","Michelson KA, Rees CA, Sarathy J, VonAchen P, Wornow M, Monuteaux MC, Neuman MI.","TRUE","2021 TRUE"
"2415",33043972,"10.1093/cid/ciaa1494",TRUE,FALSE,FALSE,"",FALSE,"",FALSE,"",FALSE,"",FALSE,"",TRUE,2021,"Clin Infect Dis","Yuan J, Chen Z, Gong C, Liu H, Li B, Li K, Chen X, Xu C, Jing Q, Liu G, Qin P, Liu Y, Zhong Y, Huang L, Zhu BP, Yang Z.","TRUE","2021 TRUE"
"2420",33045723,"10.1093/cid/ciaa1547",TRUE,FALSE,FALSE,"",FALSE,"",FALSE,"",FALSE,"",FALSE,"",TRUE,2021,"Clin Infect Dis","Zang X, Krebs E, Chen S, Piske M, Armstrong WS, Behrends CN, Del Rio C, Feaster DJ, Marshall BDL, Mehta SH, Mermin J, Metsch LR, Schackman BR, Strathdee SA, Nosyk B; Localized HIV Modeling Study.","TRUE","2021 TRUE"
"2432",33064789,"10.1093/infdis/jiaa656",TRUE,FALSE,FALSE,"",FALSE,"",FALSE,"",FALSE,"",FALSE,"",TRUE,2021,"J Infect Dis","Jahrsdörfer B, Kroschel J, Ludwig C, Corman VM, Schwarz T, Körper S, Rojewski M, Lotfi R, Weinstock C, Drosten C, Seifried E, Stamminger T, Groß HJ, Schrezenmeier H.","TRUE","2021 TRUE"
"2440",33070183,"10.1093/cid/ciaa1593",TRUE,FALSE,FALSE,NA,FALSE,NA,FALSE,"",FALSE,"",FALSE,"",TRUE,2021,"Clin Infect Dis","Pimenoff VN, Elfström M, Baussano I, Björnstedt M, Dillner J.","TRUE","2021 TRUE"
"2441",33075138,"10.1093/cid/ciaa1589",TRUE,FALSE,FALSE,"",FALSE,"",FALSE,"",FALSE,"",FALSE,"",TRUE,2021,"Clin Infect Dis","Kojima N, Turner F, Slepnev V, Bacelar A, Deming L, Kodeboyina S, Klausner JD.","TRUE","2021 TRUE"
"2454",33079200,"10.1093/cid/ciaa1592",FALSE,TRUE,FALSE,"",FALSE,"",FALSE,"",FALSE,"",FALSE,"",TRUE,2021,"Clin Infect Dis","Xu J, Teng Y, Shang L, Gu X, Fan G, Chen Y, Tian R, Zhang S, Cao B.","TRUE","2021 TRUE"
"2456",33080000,"10.1093/cid/ciaa1584",TRUE,FALSE,FALSE,"",FALSE,"",FALSE,"",FALSE,"",FALSE,"",TRUE,2021,"Clin Infect Dis","Lei H, Wu X, Wang X, Xu M, Xie Y, Du X, Cowling BJ, Li Y, Shu Y.","TRUE","2021 TRUE"
"2461",33086379,"10.1093/cid/ciaa1617",TRUE,FALSE,FALSE,"",FALSE,"",FALSE,"",FALSE,"",FALSE,"",TRUE,2021,"Clin Infect Dis","Du P, Song C, Li R, Song Y, Li J, Ding N, Zhang J, Song R, Han J, Gao G, Yue J, Duan A, Huang Y, An J, Wang J, Zhang F, Chen C, Zeng H.","TRUE","2021 TRUE"
"2465",33090210,"10.1093/cid/ciaa1607",TRUE,FALSE,FALSE,"",FALSE,"",FALSE,"",FALSE,"",FALSE,"",TRUE,2021,"Clin Infect Dis","Aslam A, Singh J, Robilotti E, Chow K, Bist T, Reidy-Lagunes D, Shah M, Korenstein D, Babady NE, Kamboj M.","TRUE","2021 TRUE"
"2471",33098412,"10.1093/cid/ciaa1579",TRUE,FALSE,FALSE,"",FALSE,"",FALSE,"",FALSE,"",FALSE,"",TRUE,2021,"Clin Infect Dis","Basile K, McPhie K, Carter I, Alderson S, Rahman H, Donovan L, Kumar S, Tran T, Ko D, Sivaruban T, Ngo C, Toi C, O'Sullivan MV, Sintchenko V, Chen SC, Maddocks S, Dwyer DE, Kok J.","TRUE","2021 TRUE"
"2473",33098645,"10.1093/cid/ciaa1578",TRUE,FALSE,FALSE,"",FALSE,"",FALSE,"",FALSE,"",FALSE,"",TRUE,2021,"Clin Infect Dis","Santoro F, Monitillo F, Raimondo P, Lopizzo A, Brindicci G, Gilio M, Musaico F, Mazzola M, Vestito D, Benedetto RD, Abumayyaleh M, El-Battrawy I, Santoro CR, Di Martino LFM, Akin I, De Stefano G, Fiorilli R, Cannone M, Saracino A, Angarano S, Carbonara S, Grasso S, Di Biase L, Brunetti ND.","TRUE","2021 TRUE"
"2477",33103195,"10.1093/cid/ciaa1637",TRUE,FALSE,FALSE,"",FALSE,"",FALSE,"",FALSE,"",FALSE,"",TRUE,2021,"Clin Infect Dis","Malsy J, Veletzky L, Heide J, Hennigs A, Gil-Ibanez I, Stein A, Lütgehetmann M, Rosien U, Jasper D, Peine S, Hiller J, Haag F, Schmiedel S, Huber S, Jordan S, Addo MM, Schulze Zur Wiesch J.","TRUE","2021 TRUE"
"2478",33103196,"10.1093/cid/ciaa1630",TRUE,FALSE,FALSE,"",FALSE,"",FALSE,"",FALSE,"",FALSE,"",TRUE,2021,"Clin Infect Dis","Kobayashi T, Trannel A, Holley SA, Alsuhaibani MA, Abosi OJ, Jenn KE, Meacham H, Sheeler LL, Etienne W, Dains A, Casado F, Kukla ME, Ward EK, Ford B, Edmond MB, Wellington M, Diekema DJ, Salinas JL.","TRUE","2021 TRUE"
"2481",33104216,"10.1093/cid/ciaa1653",FALSE,TRUE,FALSE,"",FALSE,"",FALSE,"",FALSE,"",FALSE,"",TRUE,2021,"Clin Infect Dis","Guharoy R, Krenzelok EP.","TRUE","2021 TRUE"
"2483",33105485,"10.1093/cid/ciaa1624",TRUE,FALSE,FALSE,"",FALSE,"",FALSE,"",FALSE,"",FALSE,"",TRUE,2021,"Clin Infect Dis","Fan VS, Dominitz JA, Eastment MC, Locke ER, Green P, Berry K, O'Hare AM, Shah JA, Crothers K, Ioannou GN.","TRUE","2021 TRUE"
"2489",33118015,"10.1093/cid/ciaa1668",TRUE,FALSE,FALSE,"",FALSE,"",FALSE,"",FALSE,"",FALSE,"",TRUE,2021,"Clin Infect Dis","Marquez H, Ramers C, Northrup A, Tam A, Liu J, Rojas S, Klaman S, Khasira M, Madbak J, Matthews E, Norris J, Godino J.","TRUE","2021 TRUE"
"2490",33119065,"10.1093/cid/ciaa1664",TRUE,FALSE,FALSE,"",FALSE,"",FALSE,"",FALSE,"",FALSE,"",TRUE,2021,"Clin Infect Dis","Voeten HACM, Sikkema RS, Damen M, Oude Munnink BB, Arends C, Stobberingh E, Hoogervorst E, Koopmans MPG, Fanoy E.","TRUE","2021 TRUE"
"2502",33128369,"10.1093/infdis/jiaa680",TRUE,FALSE,FALSE,"",FALSE,"",FALSE,"",FALSE,"",FALSE,"",TRUE,2021,"J Infect Dis","Henss L, Scholz T, von Rhein C, Wieters I, Borgans F, Eberhardt FJ, Zacharowski K, Ciesek S, Rohde G, Vehreschild M, Stephan C, Wolf T, Hofmann-Winkler H, Scheiblauer H, Schnierle BS.","TRUE","2021 TRUE"
"2520",33141164,"10.1093/cid/ciaa1692",TRUE,FALSE,FALSE,"",FALSE,"",FALSE,"",FALSE,"",FALSE,"",TRUE,2021,"Clin Infect Dis","Vijayan T, Shin M, Adamson PC, Harris C, Seeman T, Norris KC, Goodman-Meza D.","TRUE","2021 TRUE"
"2525",33147319,"10.1093/cid/ciaa1685",TRUE,FALSE,FALSE,"",FALSE,"",FALSE,"",FALSE,"",FALSE,"",TRUE,2021,"Clin Infect Dis","Petersen LR, Sami S, Vuong N, Pathela P, Weiss D, Morgenthau BM, Henseler RA, Daskalakis DC, Atas J, Patel A, Lukacs S, Mackey L, Grohskopf LA, Thornburg N, Akinbami LJ.","TRUE","2021 TRUE"
"2527",33150367,"10.1093/cid/ciaa1681",TRUE,FALSE,FALSE,"",FALSE,"",FALSE,"",FALSE,"",FALSE,"",TRUE,2021,"Clin Infect Dis","Lei JH, Xu Y, Jiang YF, Shi ZH, Guo T.","TRUE","2021 TRUE"
"2528",33150375,"10.1093/cid/ciaa1684",TRUE,FALSE,FALSE,"",FALSE,"",FALSE,"",FALSE,"",FALSE,"",TRUE,2021,"Clin Infect Dis","Sims MD, Maine GN, Childers KL, Podolsky RH, Voss DR, Berkiw-Scenna N, Oh J, Heinrich KE, Keil H, Kennedy RH, Homayouni R.","TRUE","2021 TRUE"
"2529",33150393,"10.1093/cid/ciaa1682",TRUE,FALSE,FALSE,"",FALSE,"",FALSE,"",FALSE,"",FALSE,"",TRUE,2021,"Clin Infect Dis","Huh K, Jung J, Hong J, Kim M, Ahn JG, Kim JH, Kang JM.","TRUE","2021 TRUE"
"2541",33161424,"10.1093/cid/ciaa1704",TRUE,FALSE,FALSE,"",FALSE,"",FALSE,"",FALSE,"",FALSE,"",TRUE,2021,"Clin Infect Dis","Sherman AC, Babiker A, Sieben AJ, Pyden A, Steinberg J, Kraft CS, Koelle K, Kanjilal S.","TRUE","2021 TRUE"
"2542",33161427,"10.1093/cid/ciaa1702",TRUE,FALSE,FALSE,"",FALSE,"",FALSE,"",FALSE,"",FALSE,"",TRUE,2021,"Clin Infect Dis","Posfay-Barbe KM, Andrey DO, Virzi J, Cohen P, Pigny F, Goncalves AR, Pinosch S, Lacroix L, Stringhini S, Kaiser L, Vuilleumier N, L'Huillier AG.","TRUE","2021 TRUE"
"2553",33179039,"10.1093/cid/ciaa1722",FALSE,TRUE,FALSE,"",FALSE,"",FALSE,"",FALSE,"",FALSE,"",TRUE,2021,"Clin Infect Dis","Lum BX, Liu EH, Archuleta S, Somani J, Bagdasarian N, Koh CS, Sin CS, Wong M, Quek SC, Fisher DA.","TRUE","2021 TRUE"
"2562",33185244,"10.1093/cid/ciaa1166",TRUE,FALSE,FALSE,"",FALSE,"",FALSE,"",FALSE,"",FALSE,"",TRUE,2021,"Clin Infect Dis","Lewis NM, Chu VT, Ye D, Conners EE, Gharpure R, Laws RL, Reses HE, Freeman BD, Fajans M, Rabold EM, Dawson P, Buono S, Yin S, Owusu D, Wadhwa A, Pomeroy M, Yousaf A, Pevzner E, Njuguna H, Battey KA, Tran CH, Fields VL, Salvatore P, O'Hegarty M, Vuong J, Chancey R, Gregory C, Banks M, Rispens JR, Dietrich E, Marcenac P, Matanock AM, Duca L, Binder A, Fox G, Lester S, Mills L, Gerber SI, Watson J, Schumacher A, Pawloski L, Thornburg NJ, Hall AJ, Kiphibane T, Willardson S, Christensen K, Page L, Bhattacharyya S, Dasu T, Christiansen A, Pray IW, Westergaard RP, Dunn AC, Tate JE, Nabity SA, Kirking HL.","TRUE","2021 TRUE"
"2571",33196783,"10.1093/cid/ciaa1728",TRUE,FALSE,FALSE,"",FALSE,"",FALSE,"",FALSE,"",FALSE,"",TRUE,2021,"Clin Infect Dis","Amin-Chowdhury Z, Aiano F, Mensah A, Sheppard CL, Litt D, Fry NK, Andrews N, Ramsay ME, Ladhani SN.","TRUE","2021 TRUE"
"2579",33201219,"10.1093/cid/ciaa1737",TRUE,FALSE,FALSE,"",FALSE,"",FALSE,"",FALSE,"",FALSE,"",TRUE,2021,"Clin Infect Dis","Ladhani SN, Andrews N, Aiano F, Baawuah F, Amin-Chowdhury Z, Brown KE, Amirthalingam G, Ramsay ME, Waterfield T; RAPID-19 Investigation Team.","TRUE","2021 TRUE"
"2584",33206973,"10.1093/infdis/jiaa724",TRUE,FALSE,FALSE,"",FALSE,"",FALSE,"",FALSE,"",FALSE,"",TRUE,2021,"J Infect Dis","Bedin AS, Makinson A, Picot MC, Mennechet F, Malergue F, Pisoni A, Nyiramigisha E, Montagnier L, Bollore K, Debiesse S, Morquin D, Veyrenche N, Renault C, Foulongne V, Bret C, Bourdin A, Le Moing V, Van de Perre P, Tuaillon E.","TRUE","2021 TRUE"
"2597",33216875,"10.1093/cid/ciaa1748",TRUE,FALSE,FALSE,"",FALSE,"",FALSE,"",FALSE,"",FALSE,"",TRUE,2021,"Clin Infect Dis","Bhatt PJ, Shiau S, Brunetti L, Xie Y, Solanki K, Khalid S, Mohayya S, Au PH, Pham C, Uprety P, Nahass R, Narayanan N.","TRUE","2021 TRUE"
"2623",33237993,"10.1093/cid/ciaa1780",TRUE,FALSE,FALSE,"",FALSE,"",FALSE,"",FALSE,"",FALSE,"",TRUE,2021,"Clin Infect Dis","Reese H, Iuliano AD, Patel NN, Garg S, Kim L, Silk BJ, Hall AJ, Fry A, Reed C.","TRUE","2021 TRUE"
"2632",33249438,"10.1093/infdis/jiaa745",TRUE,FALSE,FALSE,"",FALSE,"",FALSE,"",FALSE,"",FALSE,"",TRUE,2021,"J Infect Dis","Lersy F, Benotmane I, Helms J, Collange O, Schenck M, Brisset JC, Chammas A, Willaume T, Lefebvre N, Solis M, Hansmann Y, Fabacher T, Caillard S, Mertes PM, Pottecher J, Schneider F, Meziani F, Fafi-Kremer S, Kremer S.","TRUE","2021 TRUE"
"2634",33249471,"10.1093/infdis/jiaa741",TRUE,FALSE,FALSE,"",FALSE,"",FALSE,"",FALSE,"",FALSE,"",TRUE,2021,"J Infect Dis","Rieder M, Wirth L, Pollmeier L, Jeserich M, Goller I, Baldus N, Schmid B, Busch HJ, Hofmann M, Thimme R, Rieg S, Kern W, Bode C, Duerschmied D, Lother A.","TRUE","2021 TRUE"
"2636",33249484,"10.1093/infdis/jiaa742",FALSE,TRUE,FALSE,"",FALSE,"",FALSE,"",FALSE,"",FALSE,"",TRUE,2021,"J Infect Dis","Bulfone TC, Malekinejad M, Rutherford GW, Razani N.","TRUE","2021 TRUE"
"2637",33249506,"10.1093/infdis/jiaa744",TRUE,FALSE,FALSE,"",FALSE,"",FALSE,"",FALSE,"",FALSE,"",TRUE,2021,"J Infect Dis","Bowman ER, Cameron CMA, Avery A, Gabriel J, Kettelhut A, Hecker M, Sontich CU, Tamilselvan B, Nichols CN, Richardson B, Cartwright M, Funderburg NT, Cameron MJ.","TRUE","2021 TRUE"
"2639",33252620,"10.1093/cid/ciaa1793",TRUE,FALSE,FALSE,"",FALSE,"",FALSE,"",FALSE,"",FALSE,"",TRUE,2021,"Clin Infect Dis","Braunstein SL, Lazar R, Wahnich A, Daskalakis DC, Blackstock OJ.","TRUE","2021 TRUE"
"2640",33252659,"10.1093/cid/ciaa1785",TRUE,FALSE,FALSE,"",FALSE,"",FALSE,"",FALSE,"",FALSE,"",TRUE,2021,"Clin Infect Dis","Basavaraju SV, Patton ME, Grimm K, Rasheed MAU, Lester S, Mills L, Stumpf M, Freeman B, Tamin A, Harcourt J, Schiffer J, Semenova V, Li H, Alston B, Ategbole M, Bolcen S, Boulay D, Browning P, Cronin L, David E, Desai R, Epperson M, Gorantla Y, Jia T, Maniatis P, Moss K, Ortiz K, Park SH, Patel P, Qin Y, Steward-Clark E, Tatum H, Vogan A, Zellner B, Drobeniuc J, Sapiano MRP, Havers F, Reed C, Gerber S, Thornburg NJ, Stramer SL.","TRUE","2021 TRUE"
"2641",33252665,"10.1093/cid/ciaa1792",TRUE,FALSE,FALSE,"",FALSE,"",FALSE,"",FALSE,"",FALSE,"",TRUE,2021,"Clin Infect Dis","Petersen MS, Kristiansen MF, Hanusson KD, Danielsen ME, Á Steig B, Gaini S, Strøm M, Weihe P.","TRUE","2021 TRUE"
"2659",33270107,"10.1093/cid/ciaa1764",TRUE,FALSE,FALSE,"",FALSE,"",FALSE,"",FALSE,"",FALSE,"",TRUE,2021,"Clin Infect Dis","Jefferson T, Spencer EA, Brassey J, Heneghan C.","TRUE","2021 TRUE"
"2665",33277643,"10.1093/cid/ciaa1818",TRUE,FALSE,FALSE,"",FALSE,"",FALSE,"",FALSE,"",FALSE,"",TRUE,2021,"Clin Infect Dis","Zhang N, Jia W, Lei H, Wang P, Zhao P, Guo Y, Dung CH, Bu Z, Xue P, Xie J, Zhang Y, Cheng R, Li Y.","TRUE","2021 TRUE"
"2673",33280009,"10.1093/infdis/jiaa756",TRUE,FALSE,FALSE,"",FALSE,"",FALSE,"",FALSE,"",FALSE,"",TRUE,2021,"J Infect Dis","Petito E, Falcinelli E, Paliani U, Cesari E, Vaudo G, Sebastiano M, Cerotto V, Guglielmini G, Gori F, Malvestiti M, Becattini C, Paciullo F, De Robertis E, Bury L, Lazzarini T, Gresele P; COVIR study investigators.","TRUE","2021 TRUE"
"2675",33283240,"10.1093/cid/ciaa1825",FALSE,TRUE,FALSE,"",FALSE,"",FALSE,"",FALSE,"",FALSE,"",TRUE,2021,"Clin Infect Dis","Zhu Y, Bloxham CJ, Hulme KD, Sinclair JE, Tong ZWM, Steele LE, Noye EC, Lu J, Xia Y, Chew KY, Pickering J, Gilks C, Bowen AC, Short KR.","TRUE","2021 TRUE"
"2684",33300579,"10.1093/cid/ciaa1804",TRUE,FALSE,FALSE,"",FALSE,"",FALSE,"",FALSE,"",FALSE,"",TRUE,2021,"Clin Infect Dis","Bajema KL, Dahlgren FS, Lim TW, Bestul N, Biggs HM, Tate JE, Owusu C, Szablewski CM, Drenzek C, Drobeniuc J, Semenova V, Li H, Browning P, Desai R, Epperson M, Jia LT, Thornburg NJ, Edens C, Fry AM, Hall AJ, Schiffer J, Havers FP.","TRUE","2021 TRUE"
"2698",33313659,"10.1093/cid/ciaa1845",TRUE,FALSE,FALSE,"",FALSE,"",FALSE,"",FALSE,"",FALSE,"",TRUE,2021,"Clin Infect Dis","Costa SF, Giavina-Bianchi P, Buss L, Mesquita Peres CH, Rafael MM, Dos Santos LGN, Bedin AA, Francisco MCPB, Satakie FM, Jesus Menezes MA, Dal Secco LM, Rodrigues Caron DM, de Oliveira AB, de Faria MFL, de Aurélio Penteado AS, de Souza IOM, de Fatima Pereira G, Pereira R, Matos Porto AP, Sanchez Espinoza EP, Mendes-Correa MC, Dos Santos Lazari C, Kalil J, de Moliterno Perondi MB, de Oliveira Bonfa ESD, Perreira AJ, Sabino E, da Silva Duarte AJ, Segurado AC, Dos Santos VA, Levin AS.","TRUE","2021 TRUE"
"2699",33315049,"10.1093/cid/ciaa1850",TRUE,FALSE,FALSE,"",FALSE,"",FALSE,"",FALSE,"",FALSE,"",TRUE,2021,"Clin Infect Dis","Selhorst P, van Ierssel SH, Michiels J, Mariën J, Bartholomeeusen K, Dirinck E, Vandamme S, Jansens H, Ariën KK.","TRUE","2021 TRUE"
"2701",33315065,"10.1093/cid/ciaa1851",TRUE,FALSE,FALSE,"",FALSE,"",FALSE,"",FALSE,"",FALSE,"",TRUE,2021,"Clin Infect Dis","Pettit NN, Pisano J, Nguyen CT, Lew AK, Hazra A, Sherer R, Mullane KM.","TRUE","2021 TRUE"
"2711",33325510,"10.1093/infdis/jiaa767",TRUE,FALSE,FALSE,"",FALSE,"",FALSE,"",FALSE,"",FALSE,"",TRUE,2021,"J Infect Dis","Izurieta HS, Graham DJ, Jiao Y, Hu M, Lu Y, Wu Y, Chillarige Y, Wernecke M, Menis M, Pratt D, Kelman J, Forshee R.","TRUE","2021 TRUE"
"2774",33354704,"10.1093/cid/ciaa1881",TRUE,FALSE,FALSE,"",FALSE,"",FALSE,"",FALSE,"",FALSE,"",TRUE,2021,"Clin Infect Dis","Kies KD, Thomas AS, Binnicker MJ, Bashynski KL, Patel R.","TRUE","2021 TRUE"
"2776",33354719,"10.1093/cid/ciaa1882",TRUE,FALSE,FALSE,"",FALSE,"",FALSE,"",FALSE,"",FALSE,"",TRUE,2021,"Clin Infect Dis","Giles ML, Wallace EM, Alpren C, Brady N, Crouch S, Romanes F, Sutton B, Cheng A.","TRUE","2021 TRUE"
"2800",33373433,"10.1093/cid/ciaa1895",TRUE,FALSE,FALSE,"",FALSE,"",FALSE,"",FALSE,"",FALSE,"",TRUE,2021,"Clin Infect Dis","Silvestre OM, Costa LR, Lopes BVR, Barbosa MR, Botelho KKP, Albuquerque KLC, Souza AGS, Coelho LA, de Oliveira AJ, Barantini CB, Neves SAVM, Nadruz W, Maguire JH, Fernandes-Silva MM.","TRUE","2021 TRUE"
"2801",33373435,"10.1093/cid/ciaa1896",TRUE,FALSE,FALSE,"",FALSE,"",FALSE,"",FALSE,"",FALSE,"",TRUE,2021,"Clin Infect Dis","King LM, Lovegrove MC, Shehab N, Tsay S, Budnitz DS, Geller AI, Lind JN, Roberts RM, Hicks LA, Kabbani S.","TRUE","2021 TRUE"
"2809",33388748,"10.1093/cid/ciaa1912",TRUE,FALSE,FALSE,"",FALSE,"",FALSE,"",FALSE,"",FALSE,"",TRUE,2021,"Clin Infect Dis","Hoehl S, Kreutzer E, Schenk B, Westhaus S, Foppa I, Herrmann E, Ettrich I, Leondaraki M, Schaible A, Rudych O, Rabenau H, Berger A, Ciesek S.","TRUE","2021 TRUE"
"2810",33388749,"10.1093/cid/ciaa1911",TRUE,FALSE,FALSE,"",FALSE,"",FALSE,"",FALSE,"",FALSE,"",TRUE,2021,"Clin Infect Dis","Zhang Z, Guo L, Huang L, Zhang C, Luo R, Zeng L, Liang H, Li Q, Lu X, Wang X, Ma CY, Shao J, Luo W, Li L, Liu L, Li Z, Zhou X, Zhang X, Liu J, Yang J, Kwan KY, Liu W, Xu Y, Jiang H, Liu H, Du H, Wu Y, Yu G, Chen J, Wu J, Zhang J, Liao C, Chen HJ, Chen Z, Tse HF, Xia H, Lian Q.","TRUE","2021 TRUE"
"2811",33388756,"10.1093/cid/ciaa1935",TRUE,FALSE,FALSE,"",FALSE,"",FALSE,"",FALSE,"",FALSE,"",TRUE,2021,"Clin Infect Dis","Weinberger T, Steffen J, Osterman A, Mueller TT, Muenchhoff M, Wratil PR, Graf A, Krebs S, Quartucci C, Spaeth PM, Grabein B, Adorjan K, Blum H, Keppler OT, Klein M.","TRUE","2021 TRUE"
"2812",33388780,"10.1093/infdis/jiaa804",TRUE,FALSE,FALSE,"",FALSE,"",FALSE,"",FALSE,"",FALSE,"",TRUE,2021,"J Infect Dis","Maltezou HC, Raftopoulos V, Vorou R, Papadima K, Mellou K, Spanakis N, Kossyvakis A, Gioula G, Exindari M, Froukala E, Martinez-Gonzalez B, Panayiotakopoulos G, Papa A, Mentis A, Tsakris A.","TRUE","2021 TRUE"
"2819",33395482,"10.1093/cid/ciaa1933",TRUE,FALSE,FALSE,"",FALSE,"",FALSE,"",FALSE,"",FALSE,"",TRUE,2021,"Clin Infect Dis","Pilotto A, Masciocchi S, Volonghi I, De Giuli V, Caprioli F, Mariotto S, Ferrari S, Bozzetti S, Imarisio A, Risi B, Premi E, Benussi A, Focà E, Castelli F, Zanusso G, Monaco S, Stefanelli P, Gasparotti R, Zekeridou A, McKeon A, Ashton NJ, BlennoW K, Zetterberg H, Padovani A.","TRUE","2021 TRUE"
"2826",33400771,"10.1093/cid/ciab003",TRUE,FALSE,FALSE,"",FALSE,"",FALSE,"",FALSE,"",FALSE,"",TRUE,2021,"Clin Infect Dis","Dalager-Pedersen M, Lund LC, Mariager T, Winther R, Hellfritzsch M, Larsen TB, Thomsen RW, Johansen NB, Søgaard OS, Nielsen SL, Omland LH, Lundbo LF, Israelsen SB, Harboe ZB, Pottegård A, Nielsen H, Bodilsen J.","TRUE","2021 TRUE"
"2829",33400794,"10.1093/infdis/jiaa796",TRUE,FALSE,FALSE,NA,FALSE,NA,FALSE,"",FALSE,"",FALSE,"",TRUE,2021,"J Infect Dis","Bolotin S, Tran V, Osman S, Brown KA, Buchan SA, Joh E, Deeks SL, Allen VG.","TRUE","2021 TRUE"
"2949",33460434,"10.1093/cid/ciab035",TRUE,FALSE,FALSE,"",FALSE,"",FALSE,"",FALSE,"",FALSE,"",TRUE,2021,"Clin Infect Dis","Somekh I, Shohat T, Boker LK, Simões EAF, Somekh E.","TRUE","2021 TRUE"
"2954",33462589,"10.1093/cid/ciab037",TRUE,FALSE,FALSE,"",FALSE,"",FALSE,"",FALSE,"",FALSE,"",TRUE,2021,"Clin Infect Dis","Goyal R, Hotchkiss J, Schooley RT, De Gruttola V, Martin NK.","TRUE","2021 TRUE"
"2981",33480973,"10.1093/cid/ciab048",TRUE,FALSE,FALSE,"",FALSE,"",FALSE,"",FALSE,"",FALSE,"",TRUE,2021,"Clin Infect Dis","Hanson KE, Caliendo AM, Arias CA, Hayden MK, Englund JA, Lee MJ, Loeb M, Patel R, El Alayli A, Altayar O, Patel P, Falck-Ytter Y, Lavergne V, Morgan RL, Murad MH, Sultan S, Bhimraj A, Mustafa RA.","TRUE","2021 TRUE"
"3004",33491049,"10.1093/cid/ciab054",TRUE,FALSE,FALSE,"",FALSE,"",FALSE,"",FALSE,"",FALSE,"",TRUE,2021,"Clin Infect Dis","Shaw J, Stewart T, Anderson KB, Hanley S, Thomas SJ, Salmon DA, Morley C.","TRUE","2021 TRUE"
"3006",33493287,"10.1093/infdis/jiab044",TRUE,FALSE,FALSE,"",FALSE,"",FALSE,"",FALSE,"",FALSE,"",TRUE,2021,"J Infect Dis","Boumaza A, Gay L, Mezouar S, Bestion E, Diallo AB, Michel M, Desnues B, Raoult D, La Scola B, Halfon P, Vitte J, Olive D, Mege JL.","TRUE","2021 TRUE"
"3059",33501949,"10.1093/cid/ciaa725",FALSE,TRUE,FALSE,"",FALSE,"",FALSE,"",FALSE,"",FALSE,"",TRUE,2021,"Clin Infect Dis","Zhou L, Wu Z, Li Z, Zhang Y, McGoogan JM, Li Q, Dong X, Ren R, Feng L, Qi X, Xi J, Cui Y, Tan W, Shi G, Wu G, Xu W, Wang X, Ma J, Su X, Feng Z, Gao GF.","TRUE","2021 TRUE"
"3061",33501951,"10.1093/cid/ciaa979",TRUE,FALSE,FALSE,"",FALSE,"",FALSE,"",FALSE,"",FALSE,"",TRUE,2021,"Clin Infect Dis","Lynch KL, Whitman JD, Lacanienta NP, Beckerdite EW, Kastner SA, Shy BR, Goldgof GM, Levine AG, Bapat SP, Stramer SL, Esensten JH, Hightower AW, Bern C, Wu AHB.","TRUE","2021 TRUE"
"3062",33501952,"10.1093/cid/ciaa977",TRUE,FALSE,FALSE,"",FALSE,"",FALSE,"",FALSE,"",FALSE,"",TRUE,2021,"Clin Infect Dis","Contejean A, Leporrier J, Canouï E, Alby-Laurent F, Lafont E, Beaudeau L, Parize P, Lecieux F, Greffet A, Chéron G, Gauzit R, Fourgeaud J, L'Honneur AS, Tréluyer JM, Charlier C, Casetta A, Frange P, Leruez-Ville M, Rozenberg F, Lortholary O, Kernéis S.","TRUE","2021 TRUE"
"3064",33501962,"10.1093/cid/ciaa491",TRUE,FALSE,FALSE,"",FALSE,"",FALSE,"",FALSE,"",FALSE,"",TRUE,2021,"Clin Infect Dis","Schwierzeck V, König JC, Kühn J, Mellmann A, Correa-Martínez CL, Omran H, Konrad M, Kaiser T, Kampmeier S.","TRUE","2021 TRUE"
"3066",33501967,"10.1093/cid/ciaa710",TRUE,FALSE,FALSE,"",FALSE,"",FALSE,"",FALSE,"",FALSE,"",TRUE,2021,"Clin Infect Dis","Angoulvant F, Ouldali N, Yang DD, Filser M, Gajdos V, Rybak A, Guedj R, Soussan-Banini V, Basmaci R, Lefevre-Utile A, Brun-Ney D, Beaujouan L, Skurnik D.","TRUE","2021 TRUE"
"3091",33515250,"10.1093/cid/ciab080",TRUE,FALSE,FALSE,"",FALSE,"",FALSE,"",FALSE,"",FALSE,"",TRUE,2021,"Clin Infect Dis","Akinbami LJ, Petersen LR, Sami S, Vuong N, Lukacs SL, Mackey L, Atas J, LaFleur BJ.","TRUE","2021 TRUE"
"3106",33524124,"10.1093/infdis/jiab065",TRUE,FALSE,FALSE,"",FALSE,"",FALSE,"",FALSE,"",FALSE,"",TRUE,2021,"J Infect Dis","Janssen NAF, Grondman I, de Nooijer AH, Boahen CK, Koeken VACM, Matzaraki V, Kumar V, He X, Kox M, Koenen HJPM, Smeets RL, Joosten I, Brüggemann RJM, Kouijzer IJE, van der Hoeven HG, Schouten JA, Frenzel T, Reijers MHE, Hoefsloot W, Dofferhoff ASM, van Apeldoorn MJ, Blaauw MJT, Veerman K, Maas C, Schoneveld AH, Hoefer IE, Derde LPG, van Deuren M, van der Meer JWM, van Crevel R, Giamarellos-Bourboulis EJ, Joosten LAB, van den Heuvel MM, Hoogerwerf J, de Mast Q, Pickkers P, Netea MG, van de Veerdonk FL.","TRUE","2021 TRUE"
"3113",33527122,"10.1093/cid/ciaa712",TRUE,FALSE,FALSE,"",FALSE,"",FALSE,"",FALSE,"",FALSE,"",TRUE,2021,"Clin Infect Dis","Kao CM, Orenstein WA, Anderson EJ.","TRUE","2021 TRUE"
"3114",33527123,"10.1093/cid/ciaa726",TRUE,FALSE,FALSE,"",FALSE,"",FALSE,"",FALSE,"",FALSE,"",TRUE,2021,"Clin Infect Dis","Canaday DH, Gravenstein S.","TRUE","2021 TRUE"
"3122",33535237,"10.1093/infdis/jiaa641",TRUE,FALSE,FALSE,"",FALSE,"",FALSE,"",FALSE,"",FALSE,"",TRUE,2021,"J Infect Dis","Brandsma E, Verhagen HJMP, van de Laar TJW, Claas ECJ, Cornelissen M, van den Akker E.","TRUE","2021 TRUE"
"3150",33550400,"10.1093/cid/ciab101",TRUE,FALSE,FALSE,"",FALSE,"",FALSE,"",FALSE,"",FALSE,"",TRUE,2021,"Clin Infect Dis","Rebeiro PF, Aronoff DM, Smith MK.","TRUE","2021 TRUE"
"3157",33556958,"10.1093/cid/ciab104",TRUE,FALSE,FALSE,"",FALSE,"",FALSE,"",FALSE,"",FALSE,"",TRUE,2021,"Clin Infect Dis","Crovetto F, Crispi F, Llurba E, Pascal R, Larroya M, Trilla C, Camacho M, Medina C, Dobaño C, Gomez-Roig MD, Figueras F, Gratacos E; KidsCorona Pregnancy COVID-19 Group.","TRUE","2021 TRUE"
"3158",33556959,"10.1093/infdis/jiab076",TRUE,FALSE,FALSE,"",FALSE,"",FALSE,"",FALSE,"",FALSE,"",TRUE,2021,"J Infect Dis","Richards KA, Glover M, Crawford JC, Thomas PG, White C, Sant AJ.","TRUE","2021 TRUE"
"3159",33556961,"10.1093/infdis/jiab075",TRUE,FALSE,FALSE,"",FALSE,"",FALSE,"",FALSE,"",FALSE,"",TRUE,2021,"J Infect Dis","Tarhini H, Recoing A, Bridier-Nahmias A, Rahi M, Lambert C, Martres P, Lucet JC, Rioux C, Bouzid D, Lebourgeois S, Descamps D, Yazdanpanah Y, Le Hingrat Q, Lescure FX, Visseaux B.","TRUE","2021 TRUE"
"3175",33564862,"10.1093/cid/ciab110",TRUE,FALSE,FALSE,"",FALSE,"",FALSE,"",FALSE,"",FALSE,"",TRUE,2021,"Clin Infect Dis","See I, Paul P, Slayton RB, Steele MK, Stuckey MJ, Duca L, Srinivasan A, Stone N, Jernigan JA, Reddy SC.","TRUE","2021 TRUE"
"3204",33580243,"10.1093/cid/ciab127",FALSE,TRUE,FALSE,"",FALSE,"",FALSE,"",FALSE,"",FALSE,"",TRUE,2021,"Clin Infect Dis","Feldman AG, O'Leary ST, Danziger-Isakov L.","TRUE","2021 TRUE"
"3205",33580256,"10.1093/cid/ciab142",FALSE,TRUE,FALSE,"",FALSE,"",FALSE,"",FALSE,"",FALSE,"",TRUE,2021,"Clin Infect Dis","Sam-Agudu NA, Rabie H, Pipo MT, Byamungu LN, Masekela R, van der Zalm MM, Redfern A, Dramowski A, Mukalay A, Gachuno OW, Mongweli N, Kinuthia J, Ishoso DK, Amoako E, Agyare E, Agbeno EK, Mohammed Jibril A, Abdullahi AM, Amadi O, Mohammed Umar U, Ayele BT, Machekano RN, Nyasulu PS, Hermans MP, Otshudiema JO, Bongo-Pasi Nswe C, Kayembe JN, Mbala-Kingebeni P, Muyembe-Tamfum JJ, Aanyu HT, Musoke P, Fowler MG, Sewankambo N, Suleman F, Adejumo P, Tsegaye A, Mteta A, Noormahomed EV, Deckelbaum RJ, Zumla A, Mavungu Landu DJ, Tshilolo L, Zigabe S, Goga A, Mills EJ, Umar LW, Kruger M, Mofenson LM, Nachega JB; Investigators in the AFREhealth COVID-19 Research Collaboration on Children and Adolescents.","TRUE","2021 TRUE"
"3206",33580259,"10.1093/infdis/jiab082",TRUE,FALSE,FALSE,"",FALSE,"",FALSE,"",FALSE,"",FALSE,"",TRUE,2021,"J Infect Dis","Kidd M, Richter A, Best A, Cumley N, Mirza J, Percival B, Mayhew M, Megram O, Ashford F, White T, Moles-Garcia E, Crawford L, Bosworth A, Atabani SF, Plant T, McNally A.","TRUE","2021 TRUE"
"3207",33580261,"10.1093/infdis/jiab099",TRUE,FALSE,FALSE,"",FALSE,"",FALSE,"",FALSE,"",FALSE,"",TRUE,2021,"J Infect Dis","Dillner J, Elfström KM, Blomqvist J, Engstrand L, Uhlén M, Eklund C, Boulund F, Lagheden C, Hamsten M, Nordqvist-Kleppe S, Seifert M, Hellström C, Olofsson J, Andersson E, Falk AJ, Bergström S, Hultin E, Pin E, Pimenoff VN, Hassan S, Månberg A, Nilsson P, Hedhammar M, Hober S, Mattsson J, Arroyo Mühr LS, Lundgren KC.","TRUE","2021 TRUE"
"3214",33585890,"10.1093/infdis/jiab098",TRUE,FALSE,FALSE,"",FALSE,"",FALSE,"",FALSE,"",FALSE,"",TRUE,2021,"J Infect Dis","Raman RS, Bhagwan Barge V, Anil Kumar D, Dandu H, Rakesh Kartha R, Bafna V, Aravinda VT, Raghuram TC.","TRUE","2021 TRUE"
"3215",33585934,"10.1093/infdis/jiab097",TRUE,FALSE,FALSE,"",FALSE,"",FALSE,"",FALSE,"",FALSE,"",TRUE,2021,"J Infect Dis","Avadhanula V, Nicholson EG, Ferlic-Stark L, Piedra FA, Blunck BN, Fragoso S, Bond NL, Santarcangelo PL, Ye X, McBride TJ, Aideyan LO, Patel KD, Maurer L, Angelo LS, Piedra PA.","TRUE","2021 TRUE"
"3223",33590002,"10.1093/cid/ciab131",TRUE,FALSE,FALSE,"",FALSE,"",FALSE,"",FALSE,"",FALSE,"",TRUE,2021,"Clin Infect Dis","Jackson ML, Starita L, Kiniry E, Phillips CH, Wellwood S, Cho S, Kiavand A, Truong M, Han P, Richardson M, Wolf CR, Heimonen J, Nickerson DA, Chu HY; Seattle Flu Study Investigators.","TRUE","2021 TRUE"
"3234",33598716,"10.1093/cid/ciab148",TRUE,FALSE,FALSE,"",FALSE,"",FALSE,"",FALSE,"",FALSE,"",TRUE,2021,"Clin Infect Dis","Lee JT, Hesse EM, Paulin HN, Datta D, Katz LS, Talwar A, Chang G, Galang RR, Harcourt JL, Tamin A, Thornburg NJ, Wong KK, Stevens V, Kim K, Tong S, Zhou B, Queen K, Drobeniuc J, Folster JM, Sexton DJ, Ramachandran S, Browne H, Iskander J, Mitruka K.","TRUE","2021 TRUE"
"3249",33605423,"10.1093/infdis/jiab104",TRUE,FALSE,FALSE,"",FALSE,"",FALSE,"",FALSE,"",FALSE,"",TRUE,2021,"J Infect Dis","Bao L, Song Z, Xue J, Gao H, Liu J, Wang J, Guo Q, Zhao B, Qu Y, Qi F, Gong S, Liu M, Lv Q, Li D, Han Y, Zhao W, Deng S, Liu Y, Xiang Z, Yang B, Deng W, Yu H, Cong Z, Wei Q, Xu J, Gao GF, Qin C.","TRUE","2021 TRUE"
"3254",33606027,"10.1093/infdis/jiab093",TRUE,FALSE,FALSE,"",FALSE,"",FALSE,"",FALSE,"",FALSE,"",TRUE,2021,"J Infect Dis","Kraay ANM, Han P, Kambhampati AK, Wikswo ME, Mirza SA, Lopman BA.","TRUE","2021 TRUE"
"3281",33621329,"10.1093/cid/ciab177",TRUE,FALSE,FALSE,"",FALSE,"",FALSE,"",FALSE,"",FALSE,"",TRUE,2021,"Clin Infect Dis","Reimer JR, Ahmed SM, Brintz BJ, Shah RU, Keegan LT, Ferrari MJ, Leung DT.","TRUE","2021 TRUE"
"3321",33624010,"10.1093/cid/ciab103",TRUE,FALSE,FALSE,"",FALSE,"",FALSE,"",FALSE,"",FALSE,"",TRUE,2021,"Clin Infect Dis","Jacobson KB, Rao M, Bonilla H, Subramanian A, Hack I, Madrigal M, Singh U, Jagannathan P, Grant P.","TRUE","2021 TRUE"
"3327",33625513,"10.1093/infdis/jiab108",TRUE,FALSE,FALSE,"",FALSE,"",FALSE,"",FALSE,"",FALSE,"",TRUE,2021,"J Infect Dis","Synolaki E, Papadopoulos V, Divolis G, Tsahouridou O, Gavriilidis E, Loli G, Gavriil A, Tsigalou C, Tziolos NR, Sertaridou E, Kalra B, Kumar A, Rafailidis P, Pasternack A, Boumpas DT, Germanidis G, Ritvos O, Metallidis S, Skendros P, Sideras P.","TRUE","2021 TRUE"
"3354",33639620,"10.1093/cid/ciab185",TRUE,FALSE,FALSE,"",FALSE,"",FALSE,"",FALSE,"",FALSE,"",TRUE,2021,"Clin Infect Dis","Lim T, Delorey M, Bestul N, Johannson MA, Reed C, Hall AJ, Fry AM, Edens C, Semenova V, Li H, Browning P, Desai R, Epperson M, Jia T, Thornburg NJ, Schiffer J, Havers FP.","TRUE","2021 TRUE"
"3383",33649773,"10.1093/infdis/jiab107",TRUE,FALSE,FALSE,"",FALSE,"",FALSE,"",FALSE,"",FALSE,"",TRUE,2021,"J Infect Dis","Owusu D, Pomeroy MA, Lewis NM, Wadhwa A, Yousaf AR, Whitaker B, Dietrich E, Hall AJ, Chu V, Thornburg N, Christensen K, Kiphibane T, Willardson S, Westergaard R, Dasu T, Pray IW, Bhattacharyya S, Dunn A, Tate JE, Kirking HL, Matanock A; Household Transmission Study Team.","TRUE","2021 TRUE"
"3404",33675655,"10.1093/cid/ciab198",TRUE,FALSE,FALSE,"",FALSE,"",FALSE,"",FALSE,"",FALSE,"",TRUE,2021,"Clin Infect Dis","Tse H, Lung DC, Wong SC, Ip KF, Wu TC, To KK, Kok KH, Yuen KY, Choi GK.","TRUE","2021 TRUE"
"3428",33693749,"10.1093/infdis/jiab127",TRUE,FALSE,FALSE,"",FALSE,"",FALSE,"",FALSE,"",FALSE,"",TRUE,2021,"J Infect Dis","Grzelak L, Velay A, Madec Y, Gallais F, Staropoli I, Schmidt-Mutter C, Wendling MJ, Meyer N, Planchais C, Rey D, Mouquet H, Reix N, Glady L, Hansmann Y, Bruel T, De Sèze J, Fontanet A, Gonzalez M, Schwartz O, Fafi-Kremer S.","TRUE","2021 TRUE"
"3429",33693830,"10.1093/infdis/jiab125",TRUE,FALSE,FALSE,"",FALSE,"",FALSE,"",FALSE,"",FALSE,"",TRUE,2021,"J Infect Dis","Killerby ME, Ata Ur Rasheed M, Tamin A, Harcourt JL, Abedi GR, Lu X, Kujawski S, Shah MM, Kirking HL, Gold JAW, Salvatore PP, Coughlin MM, Whitaker B, Tate JE, Watson JT, Lindstrom S, Hall AJ, Fry AM, Gerber SI, Midgley CM, Thornburg NJ.","TRUE","2021 TRUE"
"3431",33704422,"10.1093/cid/ciab230",TRUE,FALSE,FALSE,"",FALSE,"",FALSE,"",FALSE,"",FALSE,"",TRUE,2021,"Clin Infect Dis","van den Berg P, Schechter-Perkins EM, Jack RS, Epshtein I, Nelson R, Oster E, Branch-Elliman W.","TRUE","2021 TRUE"
"3432",33704451,"10.1093/cid/ciab218",TRUE,FALSE,FALSE,"",FALSE,"",FALSE,"",FALSE,"",FALSE,"",TRUE,2021,"Clin Infect Dis","Klompas M, Baker MA, Griesbach D, Tucker R, Gallagher GR, Lang AS, Fink T, Cumming M, Smole S, Madoff LC, Rhee C.","TRUE","2021 TRUE"
"3439",33709135,"10.1093/cid/ciab228",TRUE,FALSE,FALSE,"",FALSE,"",FALSE,"",FALSE,"",FALSE,"",TRUE,2021,"Clin Infect Dis","Soriano-Arandes A, Gatell A, Serrano P, Biosca M, Campillo F, Capdevila R, Fàbrega A, Lobato Z, López N, Moreno AM, Poblet M, Riera-Bosch MT, Rius N, Ruiz M, Sánchez A, Valldepérez C, Vilà M, Pineda V, Lazcano U, Díaz Y, Reyes-Urueña J, Soler-Palacín P; COVID-19 Pediatric Disease in Catalonia Research Group.","TRUE","2021 TRUE"
"3458",33718968,"10.1093/cid/ciab234",TRUE,FALSE,FALSE,"",FALSE,"",FALSE,"",FALSE,"",FALSE,"",TRUE,2021,"Clin Infect Dis","Sheehan MM, Reddy AJ, Rothberg MB.","TRUE","2021 TRUE"
"3467",33725725,"10.1093/infdis/jiab142",TRUE,FALSE,FALSE,NA,FALSE,NA,FALSE,"",FALSE,"",FALSE,"",TRUE,2021,"J Infect Dis","Farcet MR, Karbiener M, Schwaiger J, Ilk R, Kreil TR.","FALSE","2021 FALSE"
"3558",33755725,"10.1093/infdis/jiab159",TRUE,FALSE,FALSE,"",FALSE,"",FALSE,"",FALSE,"",FALSE,"",TRUE,2021,"J Infect Dis","Kang CK, Kim M, Lee S, Kim G, Choe PG, Park WB, Kim NJ, Lee CH, Kim IS, Jung K, Lee DS, Shin HM, Kim HR, Oh MD.","TRUE","2021 TRUE"
"3582",33768222,"10.1093/cid/ciab263",TRUE,FALSE,FALSE,"",FALSE,"",FALSE,"",FALSE,"",FALSE,"",TRUE,2021,"Clin Infect Dis","McEllistrem MC, Clancy CJ, Buehrle DJ, Lucas A, Decker BK.","TRUE","2021 TRUE"
"3586",33770176,"10.1093/infdis/jiab163",FALSE,TRUE,FALSE,"",FALSE,"",FALSE,"",FALSE,"",FALSE,"",TRUE,2021,"J Infect Dis","Lamoth F, Lewis RE, Walsh TJ, Kontoyiannis DP.","TRUE","2021 TRUE"
"3596",33772573,"10.1093/cid/ciab271",TRUE,FALSE,FALSE,"",FALSE,"",FALSE,"",FALSE,"",FALSE,"",TRUE,2021,"Clin Infect Dis","Wu P, Liu F, Chang Z, Lin Y, Ren M, Zheng C, Li Y, Peng Z, Qin Y, Yu J, Geng M, Yang X, Zhao H, Li Z, Zhou S, Ran L, Cowling BJ, Lai S, Chen Q, Wang L, Tsang TK, Li Z.","TRUE","2021 TRUE"
"3605",33784382,"10.1093/cid/ciab273",TRUE,FALSE,FALSE,"",FALSE,"",FALSE,"",FALSE,"",FALSE,"",TRUE,2021,"Clin Infect Dis","Fwoloshi S, Hines JZ, Barradas DT, Yingst S, Siwingwa M, Chirwa L, Zulu JE, Banda D, Wolkon A, Nikoi KI, Chirwa B, Kampamba D, Shibemba A, Sivile S, Zyambo KD, Chanda D, Mupeta F, Kapina M, Sinyange N, Kapata N, Zulu PM, Makupe A, Mweemba A, Mbewe N, Ziko L, Mukonka V, Mulenga LB, Malama K, Agolory S.","TRUE","2021 TRUE"
"3608",33786589,"10.1093/cid/ciab278",FALSE,TRUE,FALSE,"",FALSE,"",FALSE,"",FALSE,"",FALSE,"",TRUE,2021,"Clin Infect Dis","DeGrazia D, Miller FG.","TRUE","2021 TRUE"
"3634",33822014,"10.1093/cid/ciab266",TRUE,FALSE,FALSE,"",FALSE,"",FALSE,"",FALSE,"",FALSE,"",TRUE,2021,"Clin Infect Dis","Rottenstreich A, Zarbiv G, Oiknine-Djian E, Zigron R, Wolf DG, Porat S.","TRUE","2021 TRUE"
"3636",33822064,"10.1093/infdis/jiab171",TRUE,FALSE,FALSE,"",FALSE,"",FALSE,"",FALSE,"",FALSE,"",TRUE,2021,"J Infect Dis","Schuit M, Biryukov J, Beck K, Yolitz J, Bohannon J, Weaver W, Miller D, Holland B, Krause M, Freeburger D, Williams G, Wood S, Graham A, Rosovitz MJ, Bazinet A, Phillips A, Lovett S, Garcia K, Abbott E, Wahl V, Ratnesar-Shumate S, Dabisch P.","TRUE","2021 TRUE"
"3638",33822106,"10.1093/infdis/jiab181",TRUE,FALSE,FALSE,"",FALSE,"",FALSE,"",FALSE,"",FALSE,"",TRUE,2021,"J Infect Dis","Zhou M, Yin Z, Xu J, Wang S, Liao T, Wang K, Li Y, Yang F, Wang Z, Yang G, Zhang J, Jin Y.","TRUE","2021 TRUE"
"3658",33830238,"10.1093/infdis/jiab191",TRUE,FALSE,FALSE,"",FALSE,"",FALSE,"",FALSE,"",FALSE,"",TRUE,2021,"J Infect Dis","Most ZM, Holcomb M, Jamieson AR, Perl TM.","TRUE","2021 TRUE"
"3664",33836067,"10.1093/infdis/jiab200",TRUE,FALSE,FALSE,"",FALSE,"",FALSE,"",FALSE,"",FALSE,"",TRUE,2021,"J Infect Dis","Pathela P, Crawley A, Weiss D, Maldin B, Cornell J, Purdin J, Schumacher PK, Marovich S, Li J, Daskalakis D; NYC Serosurvey Team.","TRUE","2021 TRUE"
"3667",33837392,"10.1093/infdis/jiab195",TRUE,FALSE,FALSE,"",FALSE,"",FALSE,"",FALSE,"",FALSE,"",TRUE,2021,"J Infect Dis","Ramos da Silva S, Ju E, Meng W, Paniz Mondolfi AE, Dacic S, Green A, Bryce C, Grimes Z, Fowkes M, Sordillo EM, Cordon-Cardo C, Guo H, Gao SJ.","TRUE","2021 TRUE"
"3682",33846714,"10.1093/cid/ciab303",TRUE,FALSE,FALSE,"",FALSE,"",FALSE,"",FALSE,"",FALSE,"",TRUE,2021,"Clin Infect Dis","Ford L, Lee C, Pray IW, Cole D, Bigouette JP, Abedi GR, Bushman D, Delahoy MJ, Currie DW, Cherney B, Kirby MK, Fajardo GC, Caudill M, Langolf K, Kahrs J, Zochert T, Kelly P, Pitts C, Lim A, Aulik N, Tamin A, Harcourt JL, Queen K, Zhang J, Whitaker B, Browne H, Medrzycki M, Shewmaker PL, Bonenfant G, Zhou B, Folster JM, Bankamp B, Bowen MD, Thornburg NJ, Goffard K, Limbago B, Bateman A, Tate JE, Gieryn D, Kirking HL, Westergaard RP, Killerby ME; CDC COVID-19 Surge Laboratory Group.","TRUE","2021 TRUE"
"3689",33851214,"10.1093/cid/ciab313",TRUE,FALSE,FALSE,"",FALSE,"",FALSE,"",FALSE,"",FALSE,"",TRUE,2021,"Clin Infect Dis","Cheng VC, Fung KS, Siu GK, Wong SC, Cheng LS, Wong MS, Lee LK, Chan WM, Chau KY, Leung JS, Chu AW, Chan WS, Lu KK, Tam KK, Ip JD, Leung KS, Lung DC, Tse H, To KK, Yuen KY.","TRUE","2021 TRUE"
"3690",33851216,"10.1093/cid/ciab308",TRUE,FALSE,FALSE,"",FALSE,"",FALSE,"",FALSE,"",FALSE,"",TRUE,2021,"Clin Infect Dis","Betton M, Livrozet M, Planas D, Fayol A, Monel B, Védie B, Bruel T, Tartour E, Robillard N, Manuguerra JC, Blanchard A, Ghosn J, Visseaux B, Péré H, Lebeaux D, Schwartz O, Veyer D, Hulot JS; French COVID Cohort Study Group.","TRUE","2021 TRUE"
"3747",33880519,"10.1093/infdis/jiab164",TRUE,FALSE,FALSE,"",FALSE,"",FALSE,"",FALSE,"",FALSE,"",TRUE,2021,"J Infect Dis","Roberts DJ, Bebell LM, Edlow AG.","TRUE","2021 TRUE"
"3758",33885734,"10.1093/infdis/jiab160",TRUE,FALSE,FALSE,"",FALSE,"",FALSE,"",FALSE,"",FALSE,"",TRUE,2021,"J Infect Dis","Kalkowska DA, Pallansch MA, Cochi SL, Thompson KM.","TRUE","2021 TRUE"
"3774",33893505,"10.1093/cid/ciab315",TRUE,FALSE,FALSE,"",FALSE,"",FALSE,"",FALSE,"",FALSE,"",TRUE,2021,"Clin Infect Dis","Goswami ND, Fiore AE, Walke HT.","TRUE","2021 TRUE"
"3846",33906236,"10.1093/cid/ciab381",TRUE,FALSE,FALSE,"",FALSE,"",FALSE,"",FALSE,"",FALSE,"",TRUE,2021,"Clin Infect Dis","Müller L, Andrée M, Moskorz W, Drexler I, Walotka L, Grothmann R, Ptok J, Hillebrandt J, Ritchie A, Rabl D, Ostermann PN, Robitzsch R, Hauka S, Walker A, Menne C, Grutza R, Timm J, Adams O, Schaal H.","TRUE","2021 TRUE"
"3851",33909004,"10.1093/cid/ciaa1710",TRUE,FALSE,FALSE,"",FALSE,"",FALSE,"",FALSE,"",FALSE,"",TRUE,2021,"Clin Infect Dis","Xiang F, Sun J, Chen PH, Han P, Zheng H, Cai S, Kirk GD.","TRUE","2021 TRUE"
"3852",33909063,"10.1093/cid/ciab310",TRUE,FALSE,FALSE,"",FALSE,"",FALSE,"",FALSE,"",FALSE,"",TRUE,2021,"Clin Infect Dis","Gable P, Huang JY, Gilbert SE, Bollinger S, Lyons AK, Sabour S, Surie D, Biedron C, Haney T, Beshearse E, Gregory CJ, Seely KA, Clemmons NS, Patil N, Kothari A, Gulley T, Garner K, Anderson K, Thornburg NJ, Halpin AL, McDonald LC, Kutty PK, Brown AC; Centers for Disease Control and Prevention COVID-19 Laboratory Task Force.","TRUE","2021 TRUE"
"3855",33909068,"10.1093/cid/ciab309",TRUE,FALSE,FALSE,"",FALSE,"",FALSE,"",FALSE,"",FALSE,"",TRUE,2021,"Clin Infect Dis","Shah MM, Salvatore PP, Ford L, Kamitani E, Whaley MJ, Mitchell K, Currie DW, Morgan CN, Segaloff HE, Lecher S, Somers T, Van Dyke ME, Bigouette JP, Delaney A, DaSilva J, O'Hegarty M, Boyle-Estheimer L, Abdirizak F, Karpathy SE, Meece J, Ivanic L, Goffard K, Gieryn D, Sterkel A, Bateman A, Kahrs J, Langolf K, Zochert T, Knight NW, Hsu CH, Kirking HL, Tate JE.","TRUE","2021 TRUE"
"3857",33909072,"10.1093/cid/ciab338",TRUE,FALSE,FALSE,"",FALSE,"",FALSE,"",FALSE,"",FALSE,"",TRUE,2021,"Clin Infect Dis","Chevinsky JR, Tao G, Lavery AM, Kukielka EA, Click ES, Malec D, Kompaniyets L, Bruce BB, Yusuf H, Goodman AB, Dixon MG, Nakao JH, Datta SD, MacKenzie WR, Kadri SS, Saydah S, Giovanni JE, Gundlapalli AV.","TRUE","2021 TRUE"
"3860",33912901,"10.1093/cid/ciab312",TRUE,FALSE,FALSE,"",FALSE,"",FALSE,"",FALSE,"",FALSE,"",TRUE,2021,"Clin Infect Dis","Bushman D, Sekaran J, Jeffery N, Rath C, Ackelsberg J, Weiss D, Wu W, Van Oss K, Johnston K, Huang J, Khatun U, Sheikh T, Sutcliff J, Tsoi B.","TRUE","2021 TRUE"
"3861",33912902,"10.1093/cid/ciab311",TRUE,FALSE,FALSE,"",FALSE,"",FALSE,"",FALSE,"",FALSE,"",TRUE,2021,"Clin Infect Dis","Rodgers L, Sheppard M, Smith A, Dietz S, Jayanthi P, Yuan Y, Bull L, Wotiz S, Schwarze T, Azondekon R, Hartnett K, Adjemian J, Kirking HL, Kite-Powell A.","TRUE","2021 TRUE"
"3862",33912907,"10.1093/cid/ciab321",TRUE,FALSE,FALSE,"",FALSE,"",FALSE,"",FALSE,"",FALSE,"",TRUE,2021,"Clin Infect Dis","Carter RJ, Rose DA, Sabo RT, Clayton J, Steinberg J, Anderson M; CDC COVID-19 Response Team.","TRUE","2021 TRUE"
"3863",33912911,"10.1093/cid/ciab331",TRUE,FALSE,FALSE,"",FALSE,"",FALSE,"",FALSE,"",FALSE,"",TRUE,2021,"Clin Infect Dis","Laws RL, Biraro S, Kirungi W, Gianetti B, Aibo D, Awor AC, West C, Sachathep KK, Kiyingi H, Ward J, Mwangi C, Nkurunziza P, Okimait D, Currie D, Ajiboye A, Moore CS, Patel H, Sendagala S, Naluguza M, Mugisha V, Low A, Delgado S, Hoos D, Brown K, Galbraith JS, Hladik W, Nelson L, El-Sadr W, Musinguzi J, Voetsch AC.","TRUE","2021 TRUE"
"3864",33912930,"10.1093/cid/ciab330",TRUE,FALSE,FALSE,"",FALSE,"",FALSE,"",FALSE,"",FALSE,"",TRUE,2021,"Clin Infect Dis","Marx GE, Biggerstaff BJ, Nawrocki CC, Totten SE, Travanty EA, Burakoff AW, Scott T, De Hey JC, Carlson JJ, Wendel KA, Harcourt JL, Tamin A, Thomas JD, Rowan SE; Colorado Department of Public Health and Environment COVID-19 Laboratory Response Team; Centers for Disease Control and Prevention COVID-19 Laboratory Response Team.","TRUE","2021 TRUE"
"3866",33914068,"10.1093/infdis/jiab203",TRUE,FALSE,FALSE,"",FALSE,"",FALSE,"",FALSE,"",FALSE,"",TRUE,2021,"J Infect Dis","Symanski E, Ensor KB, Piedra PA, Sheth K, Caton K, Williams SL, Persse D, Banerjee D, Hopkins L.","TRUE","2021 TRUE"
"3875",33928374,"10.1093/infdis/jiab228",TRUE,FALSE,FALSE,"",FALSE,"",FALSE,"",FALSE,"",FALSE,"",TRUE,2021,"J Infect Dis","Bernal E, Gimeno L, Alcaraz MJ, Quadeer AA, Moreno M, Martínez-Sánchez MV, Campillo JA, Gomez JM, Pelaez A, García E, Herranz M, Hernández-Olivo M, Martínez-Alfaro E, Alcaraz A, Muñoz Á, Cano A, McKay MR, Muro M, Minguela A.","TRUE","2021 TRUE"
"3914",33949655,"10.1093/cid/ciab396",TRUE,FALSE,FALSE,"",FALSE,"",FALSE,"",FALSE,"",FALSE,"",TRUE,2021,"Clin Infect Dis","Bellon M, Baggio S, Jacquerioz Bausch F, Spechbach H, Salamun J, Genecand C, Tardin A, Kaiser L, L'Huillier AG, Eckerle I.","TRUE","2021 TRUE"
"3922",33956123,"10.1093/cid/ciab373",TRUE,FALSE,FALSE,"",FALSE,"",FALSE,"",FALSE,"",FALSE,"",TRUE,2021,"Clin Infect Dis","Handberry M, Bull-Otterson L, Dai M, Mann NC, Chaney E, Ratto J, Horiuchi K, Siza C, Kulkarni A, Gundlapalli AV, Boehmer TK.","TRUE","2021 TRUE"
"3923",33956127,"10.1093/cid/ciab320",TRUE,FALSE,FALSE,"",FALSE,"",FALSE,"",FALSE,"",FALSE,"",TRUE,2021,"Clin Infect Dis","Wilson K, Dennison C, Struminger B, Armistad A, Osuka H, Montoya E, Padoveze MC, Arora S, Park B, Lessa FC.","TRUE","2021 TRUE"
"3924",33956136,"10.1093/cid/ciab372",TRUE,FALSE,FALSE,"",FALSE,"",FALSE,"",FALSE,"",FALSE,"",TRUE,2021,"Clin Infect Dis","Schrodt CA, Malenfant JH, Hunter JC, Slifka KJ, Campbell A, Stone N, Whitehouse ER, Wittry B, Christensen B, Barnes JR, Brammer L, Hemarajata P, Green NM, Civen R, Gounder PP, Rao AK.","TRUE","2021 TRUE"
"3926",33956939,"10.1093/cid/ciab410",TRUE,FALSE,FALSE,"",FALSE,"",FALSE,"",FALSE,"",FALSE,"",TRUE,2021,"Clin Infect Dis","Nicolete VC, Rodrigues PT, Johansen IC, Corder RM, Tonini J, Cardoso MA, de Jesus JG, Claro IM, Faria NR, Sabino EC, Castro MC, Ferreira MU.","TRUE","2021 TRUE"
"3930",33961690,"10.1093/infdis/jiab242",TRUE,FALSE,FALSE,"",FALSE,"",FALSE,"",FALSE,"",FALSE,"",TRUE,2021,"J Infect Dis","Casado JL, Vizcarra P, Velasco H, Hammerle J, McGee A, Fernandez-Escribano M, Vallejo A.","TRUE","2021 TRUE"
"3952",33977297,"10.1093/cid/ciab318",TRUE,FALSE,FALSE,"",FALSE,"",FALSE,"",FALSE,"",FALSE,"",TRUE,2021,"Clin Infect Dis","Marks SM, Clara A, Fiebelkorn AP, Le X, Armstrong PA, Campbell S, Van Alstyne JM, Price S, Bolton J, Sandhu PK, Bombard JM, Strona FV.","TRUE","2021 TRUE"
"3953",33977298,"10.1093/cid/ciab344",TRUE,FALSE,FALSE,"",FALSE,"",FALSE,"",FALSE,"",FALSE,"",TRUE,2021,"Clin Infect Dis","Ko JY, DeSisto CL, Simeone RM, Ellington S, Galang RR, Oduyebo T, Gilboa SM, Lavery AM, Gundlapalli AV, Shapiro-Mendoza CK.","TRUE","2021 TRUE"
"3954",33977300,"10.1093/cid/ciab342",TRUE,FALSE,FALSE,"",FALSE,"",FALSE,"",FALSE,"",FALSE,"",TRUE,2021,"Clin Infect Dis","Fox MD, Leiszler MS, Seamon MD, Garman BL.","TRUE","2021 TRUE"
"3958",33978754,"10.1093/infdis/jiab255",TRUE,FALSE,FALSE,"",FALSE,"",FALSE,"",FALSE,"",FALSE,"",TRUE,2021,"J Infect Dis","Yao L, Wang GL, Shen Y, Wang ZY, Zhan BD, Duan LJ, Lu B, Shi C, Gao YM, Peng HH, Wang GQ, Wang DM, Jiang MD, Cao GP, Ma MJ.","TRUE","2021 TRUE"
"3986",33993274,"10.1093/infdis/jiab260",TRUE,FALSE,FALSE,"",FALSE,"",FALSE,"",FALSE,"",FALSE,"",TRUE,2021,"J Infect Dis","Meister TL, Fortmann J, Todt D, Heinen N, Ludwig A, Brüggemann Y, Elsner C, Dittmer U, Steinmann J, Pfaender S, Steinmann E.","TRUE","2021 TRUE"
"3989",33993309,"10.1093/infdis/jiab261",TRUE,FALSE,FALSE,"",FALSE,"",FALSE,"",FALSE,"",FALSE,"",TRUE,2021,"J Infect Dis","Cha S, Henry A, Montgomery MP, Laws RL, Pham H, Wortham J, Garg S, Kim L, Mosites E; COVID-NET Surveillance Team.","TRUE","2021 TRUE"
"3990",33999152,"10.1093/infdis/jiab270",TRUE,FALSE,FALSE,"",FALSE,"",FALSE,"",FALSE,"",FALSE,"",TRUE,2021,"J Infect Dis","Hall JA, Harris RJ, Emmett HE, Lowe B, Singanayagam A, Twohig KA, Zaidi A, Kall M, Zambon M, Dabrera G.","TRUE","2021 TRUE"
"4004",34007978,"10.1093/cid/ciab408",TRUE,FALSE,FALSE,"",FALSE,"",FALSE,"",FALSE,"",FALSE,"",TRUE,2021,"Clin Infect Dis","Hirschtick JL, Titus AR, Slocum E, Power LE, Hirschtick RE, Elliott MR, McKane P, Fleischer NL.","TRUE","2021 TRUE"
"4005",34007998,"10.1093/infdis/jiab262",TRUE,FALSE,FALSE,"",FALSE,"",FALSE,"",FALSE,"",FALSE,"",TRUE,2021,"J Infect Dis","Bianchi FP, Germinario CA, Migliore G, Vimercati L, Martinelli A, Lobifaro A, Tafuri S, Stefanizzi P; Control Room Working Group.","TRUE","2021 TRUE"
"4007",34009376,"10.1093/infdis/jiab231",TRUE,FALSE,FALSE,"",FALSE,"",FALSE,"",FALSE,"",FALSE,"",TRUE,2021,"J Infect Dis","Park S, Michelow IC, Choe YJ.","TRUE","2021 TRUE"
"4062",34021332,"10.1093/cid/ciab432",TRUE,FALSE,FALSE,"",FALSE,"",FALSE,"",FALSE,"",FALSE,"",TRUE,2021,"Clin Infect Dis","Galang RR, Newton SM, Woodworth KR, Griffin I, Oduyebo T, Sancken CL, Olsen EO, Aveni K, Wingate H, Shephard H, Fussman C, Alaali ZS, Silcox K, Siebman S, Halai UA, Lopez CD, Lush M, Sokale A, Barton J, Chaudhary I, Patrick PH, Schlosser L, Reynolds B, Gaarenstroom N, Chicchelly S, Read JS, de Wilde L, Mbotha D, Azziz-Baumgartner E, Hall AJ, Tong VT, Ellington S, Gilboa SM; Centers for Disease Control and Prevention COVID-19 Response Pregnancy and Infant Linked Outcomes Team.","TRUE","2021 TRUE"
"4100",34043806,"10.1093/infdis/jiab289",TRUE,FALSE,FALSE,"",FALSE,"",FALSE,"",FALSE,"",FALSE,"",TRUE,2021,"J Infect Dis","Haagmans BL, Noack D, Okba NMA, Li W, Wang C, Bestebroer T, de Vries R, Herfst S, de Meulder D, Verveer E, van Run P, Lamers MM, Rijnders B, Rokx C, van Kuppeveld F, Grosveld F, Drabek D, Geurts van Kessel C, Koopmans M, Bosch BJ, Kuiken T, Rockx B.","TRUE","2021 TRUE"
"4115",34048568,"10.1093/cid/ciab494",FALSE,TRUE,FALSE,"",FALSE,"",FALSE,"",FALSE,"",FALSE,"",TRUE,2021,"Clin Infect Dis","Cohen MS, Wohl DA, Fischer WA, Smith DM, Eron JJ.","TRUE","2021 TRUE"
"4159",34086923,"10.1093/infdis/jiab296",TRUE,FALSE,FALSE,"",FALSE,"",FALSE,"",FALSE,"",FALSE,"",TRUE,2021,"J Infect Dis","Parrott JC, Maleki AN, Vassor VE, Osahan S, Hsin Y, Sanderson M, Fernandez S, Levanon Seligson A, Hughes S, Wu J, DeVito AK, LaVoie SP, Rakeman JL, Gould LH, Alroy KA.","TRUE","2021 TRUE"
"4160",34086944,"10.1093/infdis/jiab299",TRUE,FALSE,FALSE,"",FALSE,"",FALSE,"",FALSE,"",FALSE,"",TRUE,2021,"J Infect Dis","Tsang TK, Wu P, Lau EHY, Cowling BJ.","TRUE","2021 TRUE"
"4255",34134130,"10.1093/infdis/jiab319",TRUE,FALSE,FALSE,"",FALSE,"",FALSE,"",FALSE,"",FALSE,"",TRUE,2021,"J Infect Dis","Braunstein SL, Slutsker JS, Lazar R, Shah D, Hennessy RR, Chen SX, Pathela P, Daskalakis DC, Schillinger JA.","TRUE","2021 TRUE"
"4403",34223909,"10.1093/infdis/jiab355",TRUE,FALSE,FALSE,"",FALSE,"",FALSE,"",FALSE,"",FALSE,"",TRUE,2021,"J Infect Dis","Widera M, Wilhelm A, Hoehl S, Pallas C, Kohmer N, Wolf T, Rabenau HF, Corman VM, Drosten C, Vehreschild MJGT, Goetsch U, Gottschalk R, Ciesek S.","TRUE","2021 TRUE"
"4454",34255846,"10.1093/infdis/jiab367",TRUE,FALSE,FALSE,"",FALSE,"",FALSE,"",FALSE,"",FALSE,"",TRUE,2021,"J Infect Dis","Lennon NJ, Bhattacharyya RP, Mina MJ, Rehm HL, Hung DT, Smole S, Woolley A, Lander ES, Gabriel SB.","TRUE","2021 TRUE"
"4488",34279629,"10.1093/infdis/jiab377",TRUE,FALSE,FALSE,"",FALSE,"",FALSE,"",FALSE,"",FALSE,"",TRUE,2021,"J Infect Dis","Ganesh R, Philpot LM, Bierle DM, Anderson RJ, Arndt LL, Arndt RF, Culbertson TL, Destro Borgen MJ, Hanson SN, Kennedy BD, Kottke BB, Larsen JJ, Ramar P, Rosedahl JK, Seville MT, Speicher LL, Tulledge-Scheitel SM, Wilker CG, Razonable RR.","TRUE","2021 TRUE"
"4574",34329473,"10.1093/infdis/jiab394",TRUE,FALSE,FALSE,"",FALSE,"",FALSE,"",FALSE,"",FALSE,"",TRUE,2021,"J Infect Dis","Santos Bravo M, Nicolás D, Berengua C, Fernandez M, Hurtado JC, Tortajada M, Barroso S, Vilella A, Mosquera MM, Vila J, Marcos MA.","TRUE","2021 TRUE"
"4714",34398242,"10.1093/infdis/jiab010",TRUE,FALSE,FALSE,"",FALSE,"",FALSE,"",FALSE,"",FALSE,"",TRUE,2021,"J Infect Dis","Bandopadhyay P, D'Rozario R, Lahiri A, Sarif J, Ray Y, Paul SR, Roy R, Maiti R, Chaudhuri K, Bagchi S, Maiti A, Perwez MM, Sarkar BS, Roy D, Chakraborty R, Vasudevan JS, Sharma S, Biswas D, Maiti C, Saha B, Bhattacharya P, Pandey R, Chatterjee S, Paul S, Ganguly D.","TRUE","2021 TRUE"
"4715",34398243,"10.1093/infdis/jiab174",TRUE,FALSE,FALSE,"",FALSE,"",FALSE,"",FALSE,"",FALSE,"",TRUE,2021,"J Infect Dis","Mazzitelli I, Bleichmar L, Ludueña MG, Pisarevsky A, Labato M, Chiaradia V, Finocchieto P, Paulin F, Hormanstorfer M, Baretto MC, Adanza SP, Parodi MN, Ragusa M, Melucci C, Díaz FE, Paletta A, Di Diego F, Ceballos A, Geffner J.","TRUE","2021 TRUE"
"4716",34398244,"10.1093/infdis/jiab278",TRUE,FALSE,FALSE,"",FALSE,"",FALSE,"",FALSE,"",FALSE,"",TRUE,2021,"J Infect Dis","Barlev-Gross M, Weiss S, Paran N, Yahalom-Ronen Y, Israeli O, Nemet I, Kliker L, Zuckerman N, Glinert I, Noy-Porat T, Alcalay R, Rosenfeld R, Levy H, Mazor O, Mandelboim M, Mendelson E, Beth-Din A, Israely T, Mechaly A.","TRUE","2021 TRUE"
"4815",34427670,"10.1093/infdis/jiab425",TRUE,FALSE,FALSE,"",FALSE,"",FALSE,"",FALSE,"",FALSE,"",TRUE,2021,"J Infect Dis","Arcanjo A, Pinto KG, Logullo J, Leite PEC, Menezes CCB, Freire-de-Lima L, Diniz-Lima I, Decoté-Ricardo D, Rodrigues-da-Silva RN, Freire-de-Lima CG, Filardy AA, Lima-Junior JDC, Bertho AL, De Luca PM, Granjeiro JM, Barroso SPC, Conceição-Silva F, Savino W, Morrot A.","TRUE","2021 TRUE"
"4876",34467985,"10.1093/infdis/jiab124",TRUE,FALSE,FALSE,"",FALSE,"",FALSE,"",FALSE,"",FALSE,"",TRUE,2021,"J Infect Dis","Noh JY, Kwak JE, Yang JS, Hwang SY, Yoon JG, Seong H, Hyun H, Lim CS, Yoon SY, Ryou J, Lee JY, Kim SS, Park SH, Cheong HJ, Kim WJ, Shin EC, Song JY.","TRUE","2021 TRUE"
"4877",34467988,"10.1093/infdis/jiab288",TRUE,FALSE,FALSE,"",FALSE,"",FALSE,"",FALSE,"",FALSE,"",TRUE,2021,"J Infect Dis","Kim MH, Salloum S, Wang JY, Wong LP, Regan J, Lefteri K, Manickas-Hill Z, Gao C, Li JZ, Sadreyev RI, Yu XG, Chung RT; MGH COVID-19 Collection & Processing Team.","TRUE","2021 TRUE"
"5004",34523670,"10.1093/cid/ciab403",TRUE,FALSE,FALSE,"",FALSE,"",FALSE,"",FALSE,"",FALSE,"",TRUE,2021,"Clin Infect Dis","Strutner J, Ramchandar N, Dubey S, Gamboa M, Vanderpool MK, Mueller T, Wang W, Cannavino C, Tovar Padua L, Malicki D, Pong A.","TRUE","2021 TRUE"
"5046",34543421,"10.1093/infdis/jiab482",TRUE,FALSE,FALSE,NA,FALSE,NA,FALSE,"",FALSE,"",FALSE,"",TRUE,2021,"J Infect Dis","Karbiener M, Farcet MR, Schwaiger J, Powers N, Lenart J, Stewart JM, Tallman H, Kreil TR.","TRUE","2021 TRUE"
"5106",34551108,"10.1093/infdis/jiab485",TRUE,FALSE,FALSE,"",FALSE,"",FALSE,"",FALSE,"",FALSE,"",TRUE,2021,"J Infect Dis","Qi Y, Shaman J, Pei S.","TRUE","2021 TRUE"
"5215",34610137,"10.1093/infdis/jiab504",TRUE,FALSE,FALSE,"",FALSE,"",FALSE,"",FALSE,"",FALSE,"",TRUE,2021,"J Infect Dis","Biggerstaff BJ, Akinbami LJ, Hales C, Chan PA, Petersen LR.","TRUE","2021 TRUE"
"5265",34651643,"10.1093/infdis/jiab523",TRUE,FALSE,FALSE,"",FALSE,"",FALSE,"",FALSE,"",FALSE,"",TRUE,2021,"J Infect Dis","Schulze J, Mache C, Balázs A, Frey D, Niemeyer D, Olze H, Dommerich S, Drosten C, Hocke AC, Mall MA, Hippenstiel S, Wolff T.","TRUE","2021 TRUE"
"5441",34791102,"10.1093/cid/ciab953",FALSE,TRUE,FALSE,"",FALSE,"",FALSE,"",FALSE,"",FALSE,"",TRUE,2021,"Clin Infect Dis","Lynch JB, Davitkov P, Anderson DJ, Bhimraj A, Cheng VC, Guzman-Cottrill J, Dhindsa J, Duggal A, Jain MK, Lee GM, Liang SY, McGeer A, Varghese J, Lavergne V, Murad MH, Mustafa RA, Sultan S, Falck-Ytter Y, Morgan RL.","TRUE","2021 TRUE"
"5542",34850892,"10.1093/infdis/jiab568",TRUE,FALSE,FALSE,"",FALSE,"",FALSE,"",FALSE,"",FALSE,"",TRUE,2021,"J Infect Dis","Peterson DR, Baran AM, Bhattacharya S, Branche AR, Croft DP, Corbett AM, Walsh EE, Falsey AR, Mariani TJ.","TRUE","2021 TRUE"
